active,date,points_scored,plus_minus,team,location,opponent,outcome,seconds_played,made_field_goals,attempted_field_goals,made_three_point_field_goals,attempted_three_point_field_goals,made_free_throws,attempted_free_throws,offensive_rebounds,defensive_rebounds,assists,steals,blocks,turnovers,personal_fouls,game_score
True,1999-11-02,26,-2,DETROIT PISTONS,AWAY,MIAMI HEAT,LOSS,2849,6,13,2,3,12,16,2,5,1,0,1,6,6,13.6
True,1999-11-03,17,5,DETROIT PISTONS,AWAY,ORLANDO MAGIC,LOSS,2037,6,13,2,4,3,6,1,5,3,1,0,3,1,11.0
True,1999-11-05,30,-11,DETROIT PISTONS,HOME,NEW YORK KNICKS,LOSS,2369,11,16,0,0,8,9,1,5,4,0,0,6,4,20.2
True,1999-11-06,20,-6,DETROIT PISTONS,AWAY,MILWAUKEE BUCKS,LOSS,2449,6,11,0,1,8,12,0,4,6,1,0,2,2,16.7
True,1999-11-10,30,6,DETROIT PISTONS,AWAY,BOSTON CELTICS,WIN,2414,10,21,2,6,8,9,1,4,8,1,0,5,2,21.6
True,1999-11-11,21,1,DETROIT PISTONS,HOME,TORONTO RAPTORS,LOSS,2263,6,22,0,1,9,13,4,2,7,1,1,2,2,13.6
True,1999-11-13,24,18,DETROIT PISTONS,HOME,SEATTLE SUPERSONICS,WIN,2416,5,16,0,1,14,14,2,2,8,2,0,2,2,21.6
True,1999-11-16,26,-15,DETROIT PISTONS,AWAY,TORONTO RAPTORS,LOSS,2466,11,24,0,3,4,5,2,1,2,2,0,5,3,12.1
True,1999-11-17,13,2,DETROIT PISTONS,HOME,NEW JERSEY NETS,WIN,2136,6,13,1,3,0,0,1,2,5,1,1,3,4,8.2
True,1999-11-19,26,16,DETROIT PISTONS,HOME,CLEVELAND CAVALIERS,WIN,2082,7,16,1,3,11,16,3,3,3,1,1,5,3,16.2
True,1999-11-21,19,19,DETROIT PISTONS,HOME,MILWAUKEE BUCKS,WIN,1974,4,11,0,1,11,14,2,3,4,0,0,5,4,10.2
True,1999-11-25,26,1,DETROIT PISTONS,AWAY,INDIANA PACERS,WIN,2487,8,16,0,0,10,12,4,5,6,2,0,5,1,22.3
True,1999-11-26,12,-1,DETROIT PISTONS,HOME,ATLANTA HAWKS,WIN,2542,4,15,0,3,4,4,0,5,4,1,0,3,4,3.8
True,1999-11-28,21,-2,DETROIT PISTONS,HOME,ORLANDO MAGIC,LOSS,2316,7,18,2,4,5,6,2,2,10,3,0,7,3,14.6
True,1999-11-30,5,-20,DETROIT PISTONS,AWAY,SAN ANTONIO SPURS,LOSS,1437,2,10,0,1,1,2,2,2,1,1,0,2,1,-0.3
True,1999-12-01,14,-2,DETROIT PISTONS,AWAY,DENVER NUGGETS,LOSS,2222,3,10,0,0,8,9,1,3,4,3,0,7,5,6.2
True,1999-12-03,21,13,DETROIT PISTONS,HOME,SAN ANTONIO SPURS,WIN,2241,8,17,0,1,5,6,1,1,2,1,0,7,3,7.1
True,1999-12-04,20,-9,DETROIT PISTONS,AWAY,ATLANTA HAWKS,LOSS,2439,5,16,1,3,9,9,2,3,3,0,0,1,4,12.6
True,1999-12-07,26,-6,DETROIT PISTONS,AWAY,MILWAUKEE BUCKS,WIN,2252,8,15,2,3,8,8,1,3,4,0,2,1,1,23.1
True,1999-12-10,23,23,DETROIT PISTONS,HOME,LOS ANGELES CLIPPERS,WIN,2103,7,18,1,4,8,8,3,2,5,2,0,5,1,16.0
True,1999-12-12,24,-24,DETROIT PISTONS,AWAY,LOS ANGELES LAKERS,LOSS,2276,7,16,3,5,7,10,3,1,2,1,0,3,1,15.8
True,1999-12-14,35,-8,DETROIT PISTONS,AWAY,PHOENIX SUNS,LOSS,2774,9,24,3,6,14,16,2,2,7,0,0,3,3,23.7
True,1999-12-16,23,8,DETROIT PISTONS,AWAY,GOLDEN STATE WARRIORS,WIN,2735,5,16,0,3,13,15,2,5,11,1,0,5,2,18.8
True,1999-12-18,26,-1,DETROIT PISTONS,HOME,PHILADELPHIA 76ERS,WIN,2440,7,14,1,4,11,12,1,1,4,1,2,6,3,17.6
True,1999-12-20,23,-2,DETROIT PISTONS,AWAY,PHILADELPHIA 76ERS,LOSS,2904,6,13,1,3,10,13,3,3,6,0,0,4,3,17.1
True,1999-12-21,20,-7,DETROIT PISTONS,HOME,WASHINGTON WIZARDS,LOSS,2291,6,14,0,1,8,9,0,2,3,0,1,6,4,8.0
True,1999-12-26,22,9,DETROIT PISTONS,HOME,CHARLOTTE HORNETS,WIN,2412,8,16,0,2,6,8,1,6,1,0,0,6,1,10.0
True,1999-12-29,23,10,DETROIT PISTONS,AWAY,CHICAGO BULLS,WIN,1946,6,14,2,4,9,12,2,2,3,0,0,1,2,16.7
True,1999-12-30,33,10,DETROIT PISTONS,HOME,ATLANTA HAWKS,WIN,2546,14,22,1,4,4,8,0,4,3,0,0,2,3,21.7
True,2000-01-03,19,9,DETROIT PISTONS,AWAY,ORLANDO MAGIC,WIN,2152,8,21,0,6,3,7,3,3,4,1,2,2,1,11.7
True,2000-01-05,28,2,DETROIT PISTONS,AWAY,ATLANTA HAWKS,WIN,2220,11,17,0,1,6,7,2,3,7,2,0,3,2,25.5
True,2000-01-06,18,2,DETROIT PISTONS,HOME,MILWAUKEE BUCKS,WIN,2254,8,19,1,6,1,3,1,2,5,2,1,6,2,7.8
True,2000-01-08,16,-14,DETROIT PISTONS,HOME,MINNESOTA TIMBERWOLVES,LOSS,2143,4,12,0,1,8,14,1,3,1,2,1,2,2,9.0
True,2000-01-12,29,4,DETROIT PISTONS,HOME,NEW YORK KNICKS,WIN,2243,8,15,0,2,13,16,0,1,3,0,0,5,2,17.1
True,2000-01-14,32,19,DETROIT PISTONS,HOME,WASHINGTON WIZARDS,WIN,2406,9,18,1,3,13,16,2,2,5,7,1,4,3,29.8
True,2000-01-15,27,8,DETROIT PISTONS,AWAY,WASHINGTON WIZARDS,WIN,2530,8,16,1,4,10,11,0,2,4,2,0,2,1,21.6
True,2000-01-17,19,-11,DETROIT PISTONS,AWAY,NEW YORK KNICKS,LOSS,2668,5,14,0,2,9,11,1,0,9,2,0,5,2,13.6
True,2000-01-20,28,-6,DETROIT PISTONS,AWAY,NEW JERSEY NETS,LOSS,2392,5,11,1,3,17,18,1,1,9,0,0,2,0,27.2
True,2000-01-22,5,-9,DETROIT PISTONS,AWAY,CHICAGO BULLS,LOSS,2561,1,8,0,4,3,5,2,5,6,2,1,4,4,3.2
True,2000-01-23,36,-5,DETROIT PISTONS,HOME,DALLAS MAVERICKS,LOSS,2705,14,30,1,7,7,9,0,8,5,3,0,3,3,24.5
True,2000-01-25,38,-5,DETROIT PISTONS,AWAY,CLEVELAND CAVALIERS,LOSS,3043,11,31,0,6,16,21,4,2,7,1,0,8,5,18.0
True,2000-01-27,34,-14,DETROIT PISTONS,AWAY,CHARLOTTE HORNETS,LOSS,2646,11,23,1,3,11,14,3,1,6,4,0,7,2,23.9
True,2000-01-29,26,0,DETROIT PISTONS,HOME,PHILADELPHIA 76ERS,WIN,2376,7,22,1,3,11,13,2,2,5,2,0,5,4,13.5
True,2000-01-31,17,-25,DETROIT PISTONS,AWAY,MIAMI HEAT,LOSS,2040,6,17,0,3,5,9,0,1,5,2,2,8,5,3.1
True,2000-02-02,35,-8,DETROIT PISTONS,HOME,SACRAMENTO KINGS,LOSS,2625,12,24,2,5,9,13,1,6,5,3,0,9,1,21.0
True,2000-02-04,22,20,DETROIT PISTONS,HOME,CLEVELAND CAVALIERS,WIN,2244,6,18,0,4,10,12,1,7,1,0,0,2,1,12.1
True,2000-02-06,23,5,DETROIT PISTONS,HOME,HOUSTON ROCKETS,WIN,2384,10,21,1,3,2,2,0,1,7,0,0,2,1,15.1
True,2000-02-09,13,2,DETROIT PISTONS,HOME,TORONTO RAPTORS,WIN,2498,5,15,1,4,2,4,1,6,1,0,0,3,4,2.3
True,2000-02-15,29,-6,DETROIT PISTONS,AWAY,HOUSTON ROCKETS,LOSS,2394,10,26,0,2,9,9,2,1,5,1,0,2,1,18.6
True,2000-02-17,22,3,DETROIT PISTONS,AWAY,DALLAS MAVERICKS,LOSS,2235,6,14,3,6,7,8,0,2,3,3,1,2,3,17.4
True,2000-02-19,21,-1,DETROIT PISTONS,AWAY,UTAH JAZZ,LOSS,2359,7,20,0,2,7,8,2,1,0,0,1,4,0,7.8
True,2000-02-21,22,9,DETROIT PISTONS,HOME,MIAMI HEAT,WIN,2416,9,19,1,3,3,5,1,3,9,1,3,3,2,18.7
True,2000-02-23,19,-9,DETROIT PISTONS,HOME,INDIANA PACERS,LOSS,2342,9,22,0,2,1,1,4,0,5,1,1,4,5,9.2
True,2000-02-25,29,12,DETROIT PISTONS,HOME,GOLDEN STATE WARRIORS,WIN,2044,7,12,2,3,13,13,1,2,7,1,1,3,0,28.3
True,2000-02-27,27,9,DETROIT PISTONS,HOME,CHICAGO BULLS,WIN,2415,8,18,0,3,11,14,2,1,5,5,1,1,2,25.5
True,2000-02-29,32,-11,DETROIT PISTONS,AWAY,INDIANA PACERS,LOSS,2533,9,25,1,4,13,15,2,2,5,1,1,2,4,20.9
True,2000-03-01,17,-18,DETROIT PISTONS,HOME,UTAH JAZZ,LOSS,2129,5,15,0,0,7,10,2,0,1,2,0,3,1,8.0
True,2000-03-04,26,-9,DETROIT PISTONS,AWAY,WASHINGTON WIZARDS,LOSS,2446,7,16,2,5,10,12,1,0,4,2,0,7,2,14.5
True,2000-03-08,40,14,DETROIT PISTONS,HOME,DENVER NUGGETS,WIN,2054,13,21,6,10,8,8,0,1,4,0,1,1,1,32.9
True,2000-03-10,27,13,DETROIT PISTONS,HOME,VANCOUVER GRIZZLIES,WIN,2299,11,17,0,1,5,5,1,2,2,3,1,5,3,19.7
True,2000-03-11,22,-3,DETROIT PISTONS,HOME,PORTLAND TRAIL BLAZERS,LOSS,1977,8,17,3,6,3,3,1,3,4,0,0,3,4,13.1
True,2000-03-13,36,6,DETROIT PISTONS,HOME,BOSTON CELTICS,WIN,2441,10,22,3,9,13,16,0,2,5,1,1,4,2,24.4
True,2000-03-15,32,22,DETROIT PISTONS,HOME,ORLANDO MAGIC,WIN,2190,12,22,2,5,6,6,2,2,6,2,0,3,3,25.4
True,2000-03-17,18,-18,DETROIT PISTONS,HOME,LOS ANGELES LAKERS,LOSS,2061,4,16,1,4,9,10,0,0,2,2,0,3,1,8.0
True,2000-03-19,23,0,DETROIT PISTONS,AWAY,VANCOUVER GRIZZLIES,WIN,2457,7,16,1,5,8,9,0,1,3,0,0,2,1,14.2
True,2000-03-21,21,1,DETROIT PISTONS,AWAY,SEATTLE SUPERSONICS,WIN,2213,6,15,0,3,9,11,1,0,4,1,1,3,0,14.3
True,2000-03-22,23,13,DETROIT PISTONS,AWAY,PORTLAND TRAIL BLAZERS,WIN,2286,7,18,0,3,9,11,1,2,1,2,0,6,0,10.4
True,2000-03-24,24,-11,DETROIT PISTONS,AWAY,SACRAMENTO KINGS,LOSS,2314,8,20,2,6,6,6,2,2,3,0,0,4,0,13.3
True,2000-03-25,31,4,DETROIT PISTONS,AWAY,LOS ANGELES CLIPPERS,WIN,1960,12,21,3,6,4,4,1,1,7,1,0,3,3,23.8
True,2000-03-29,19,-6,DETROIT PISTONS,HOME,CHARLOTTE HORNETS,LOSS,2393,7,18,0,3,5,6,2,0,6,1,0,2,3,12.2
True,2000-03-31,19,-2,DETROIT PISTONS,HOME,PHOENIX SUNS,LOSS,2420,5,21,2,7,7,8,1,1,4,1,2,4,1,7.7
True,2000-04-02,34,15,DETROIT PISTONS,AWAY,NEW JERSEY NETS,WIN,2195,14,27,2,5,4,5,5,3,7,1,0,0,1,30.2
True,2000-04-04,28,16,DETROIT PISTONS,AWAY,TORONTO RAPTORS,WIN,2327,10,21,2,6,6,8,0,2,3,0,1,3,2,16.1
True,2000-04-05,22,-2,DETROIT PISTONS,HOME,BOSTON CELTICS,WIN,2337,5,19,0,5,12,13,1,0,3,1,0,4,2,9.3
True,2000-04-07,23,21,DETROIT PISTONS,AWAY,CHARLOTTE HORNETS,WIN,1750,7,16,6,8,3,4,0,1,7,1,1,5,5,14.1
True,2000-04-08,14,-8,DETROIT PISTONS,AWAY,CLEVELAND CAVALIERS,LOSS,1880,3,14,1,3,7,8,1,1,2,1,0,5,0,3.4
True,2000-04-10,10,-11,DETROIT PISTONS,AWAY,MINNESOTA TIMBERWOLVES,LOSS,2358,2,15,0,4,6,10,0,5,3,1,2,0,3,3.5
True,2000-04-12,29,19,DETROIT PISTONS,HOME,MIAMI HEAT,WIN,2295,9,23,2,4,9,10,3,4,3,0,0,5,2,15.7
True,2000-04-15,15,-12,DETROIT PISTONS,AWAY,PHILADELPHIA 76ERS,LOSS,1982,5,18,1,5,4,5,0,0,4,4,0,3,4,6.2
True,2000-04-16,26,-14,DETROIT PISTONS,HOME,INDIANA PACERS,LOSS,2145,10,22,0,0,6,6,3,2,5,0,0,4,2,16.0
True,2000-04-18,24,-20,DETROIT PISTONS,AWAY,NEW YORK KNICKS,LOSS,1607,10,17,0,2,4,5,2,4,1,1,0,6,2,13.2
True,2000-04-19,21,10,DETROIT PISTONS,HOME,CHICAGO BULLS,WIN,1707,10,12,1,1,0,0,0,2,7,1,0,2,0,21.1
