active,date,points_scored,plus_minus,team,location,opponent,outcome,seconds_played,made_field_goals,attempted_field_goals,made_three_point_field_goals,attempted_three_point_field_goals,made_free_throws,attempted_free_throws,offensive_rebounds,defensive_rebounds,assists,steals,blocks,turnovers,personal_fouls,game_score
True,2000-11-01,8,1,ORLANDO MAGIC,AWAY,MIAMI HEAT,LOSS,551,3,5,0,0,2,4,3,3,0,1,1,1,2,7.8
True,2000-11-12,0,-2,ORLANDO MAGIC,AWAY,GOLDEN STATE WARRIORS,WIN,81,0,1,0,0,0,0,0,0,0,0,0,1,1,-2.1
True,2000-11-16,0,-2,ORLANDO MAGIC,AWAY,UTAH JAZZ,LOSS,227,0,0,0,0,0,0,0,0,0,1,0,0,0,1.0
True,2000-11-19,4,5,ORLANDO MAGIC,HOME,PORTLAND TRAIL BLAZERS,LOSS,979,1,3,0,0,2,4,1,2,0,0,0,1,2,1.0
True,2000-11-21,0,-2,ORLANDO MAGIC,HOME,NEW YORK KNICKS,LOSS,396,0,0,0,0,0,0,0,0,1,0,0,1,1,-0.7
True,2000-11-24,4,-12,ORLANDO MAGIC,AWAY,BOSTON CELTICS,LOSS,357,2,2,0,0,0,1,0,0,0,0,1,3,2,-0.1
True,2000-11-25,9,11,ORLANDO MAGIC,HOME,ATLANTA HAWKS,WIN,953,4,4,0,0,1,3,3,4,0,0,0,2,5,6.3
True,2000-11-27,4,-2,ORLANDO MAGIC,HOME,MILWAUKEE BUCKS,LOSS,325,2,3,0,0,0,2,1,1,0,0,0,0,0,2.9
True,2000-11-29,0,-9,ORLANDO MAGIC,HOME,UTAH JAZZ,LOSS,519,0,4,0,0,0,0,1,1,1,1,0,0,2,-0.9
True,2000-12-01,2,-5,ORLANDO MAGIC,HOME,NEW JERSEY NETS,WIN,559,1,1,0,0,0,0,0,1,0,0,2,0,3,2.2
True,2000-12-02,0,-8,ORLANDO MAGIC,AWAY,NEW JERSEY NETS,WIN,291,0,0,0,0,0,0,0,0,0,1,0,0,3,-0.2
True,2000-12-05,4,12,ORLANDO MAGIC,HOME,BOSTON CELTICS,WIN,785,2,3,0,0,0,0,3,2,3,0,1,1,3,6.0
True,2000-12-07,2,2,ORLANDO MAGIC,HOME,DENVER NUGGETS,WIN,272,1,1,0,0,0,0,1,1,0,0,0,1,0,1.7
True,2000-12-11,2,9,ORLANDO MAGIC,AWAY,LOS ANGELES CLIPPERS,LOSS,414,1,1,0,0,0,0,2,1,0,0,0,1,2,1.6
True,2000-12-15,0,4,ORLANDO MAGIC,AWAY,PORTLAND TRAIL BLAZERS,LOSS,837,0,1,0,0,0,0,0,1,0,1,1,0,2,0.5
True,2000-12-23,0,0,ORLANDO MAGIC,HOME,CLEVELAND CAVALIERS,WIN,250,0,0,0,0,0,0,1,1,0,1,0,1,2,0.2
True,2000-12-28,9,-5,ORLANDO MAGIC,HOME,DETROIT PISTONS,WIN,1501,2,5,0,0,5,6,2,4,0,0,2,1,5,6.9
True,2000-12-30,8,10,ORLANDO MAGIC,AWAY,BOSTON CELTICS,WIN,1574,4,7,0,0,0,0,5,5,0,0,0,2,4,6.1
True,2001-01-02,4,-10,ORLANDO MAGIC,HOME,NEW JERSEY NETS,LOSS,800,2,5,0,0,0,0,4,1,0,1,1,1,3,3.9
True,2001-01-04,6,10,ORLANDO MAGIC,AWAY,NEW YORK KNICKS,LOSS,1750,3,3,0,0,0,0,1,5,2,0,0,2,4,5.1
True,2001-01-06,15,15,ORLANDO MAGIC,AWAY,ATLANTA HAWKS,LOSS,1947,7,9,0,0,1,2,2,4,0,1,2,0,2,15.3
True,2001-01-09,2,4,ORLANDO MAGIC,HOME,SAN ANTONIO SPURS,LOSS,724,1,3,0,0,0,0,1,2,1,1,1,1,3,1.8
True,2001-01-11,2,9,ORLANDO MAGIC,AWAY,NEW JERSEY NETS,WIN,991,0,1,0,0,2,4,2,2,1,2,0,2,6,0.8
True,2001-01-13,4,20,ORLANDO MAGIC,HOME,GOLDEN STATE WARRIORS,WIN,718,2,2,0,0,0,0,0,3,1,1,0,0,2,5.2
True,2001-01-15,0,-11,ORLANDO MAGIC,HOME,CHICAGO BULLS,WIN,777,0,1,0,0,0,0,1,2,0,0,0,0,2,-0.2
True,2001-01-18,0,10,ORLANDO MAGIC,AWAY,DALLAS MAVERICKS,LOSS,631,0,1,0,0,0,0,0,1,0,0,1,2,4,-3.3
True,2001-01-20,1,-6,ORLANDO MAGIC,AWAY,SAN ANTONIO SPURS,WIN,929,0,1,0,0,1,2,0,2,0,0,0,2,6,-3.9
True,2001-01-23,5,11,ORLANDO MAGIC,HOME,TORONTO RAPTORS,WIN,888,1,1,0,0,3,4,2,4,0,1,0,2,5,3.9
True,2001-01-25,9,6,ORLANDO MAGIC,AWAY,MINNESOTA TIMBERWOLVES,LOSS,1145,4,8,0,0,1,1,3,4,1,1,0,0,5,8.0
True,2001-01-27,0,-9,ORLANDO MAGIC,HOME,MIAMI HEAT,LOSS,819,0,2,0,0,0,2,2,1,0,0,0,2,3,-3.7
True,2001-01-30,2,-3,ORLANDO MAGIC,HOME,INDIANA PACERS,WIN,1236,1,4,0,0,0,2,4,3,0,0,1,0,2,2.4
True,2001-01-31,2,-2,ORLANDO MAGIC,AWAY,WASHINGTON WIZARDS,WIN,495,1,3,0,0,0,0,1,4,0,0,0,1,3,0.0
True,2001-02-02,4,-5,ORLANDO MAGIC,AWAY,PHILADELPHIA 76ERS,WIN,667,2,3,0,0,0,0,2,0,0,1,0,0,4,3.5
True,2001-02-03,6,4,ORLANDO MAGIC,HOME,ATLANTA HAWKS,WIN,855,3,4,0,0,0,2,0,1,3,1,2,2,2,5.6
True,2001-02-06,4,5,ORLANDO MAGIC,AWAY,CHARLOTTE HORNETS,WIN,809,1,1,0,0,2,2,3,4,1,0,0,2,4,4.1
True,2001-02-07,0,3,ORLANDO MAGIC,HOME,WASHINGTON WIZARDS,WIN,823,0,4,0,0,0,0,3,3,0,0,0,1,4,-2.4
True,2001-02-14,4,7,ORLANDO MAGIC,HOME,LOS ANGELES CLIPPERS,WIN,1033,2,3,0,0,0,0,1,3,0,4,0,1,4,5.7
True,2001-02-16,2,20,ORLANDO MAGIC,HOME,HOUSTON ROCKETS,WIN,1092,1,2,0,0,0,0,1,2,0,3,0,0,4,3.7
True,2001-02-18,2,5,ORLANDO MAGIC,HOME,NEW YORK KNICKS,WIN,824,1,3,0,0,0,2,1,2,0,0,0,2,4,-2.8
True,2001-02-20,1,1,ORLANDO MAGIC,HOME,PHOENIX SUNS,LOSS,410,0,0,0,0,1,2,0,1,0,0,0,0,4,-0.7
True,2001-02-23,1,8,ORLANDO MAGIC,AWAY,HOUSTON ROCKETS,LOSS,1088,0,1,0,0,1,2,1,3,1,2,1,1,3,2.7
True,2001-02-25,0,-14,ORLANDO MAGIC,AWAY,LOS ANGELES LAKERS,LOSS,441,0,1,0,0,0,0,0,0,0,1,0,0,3,-0.9
True,2001-02-26,8,6,ORLANDO MAGIC,AWAY,DENVER NUGGETS,WIN,891,4,6,0,0,0,0,0,3,0,1,2,0,1,8.3
True,2001-02-28,4,0,ORLANDO MAGIC,AWAY,PHOENIX SUNS,WIN,833,2,3,0,0,0,0,1,5,1,0,0,1,5,2.6
True,2001-03-02,7,14,ORLANDO MAGIC,HOME,CLEVELAND CAVALIERS,WIN,1004,3,5,0,0,1,3,1,6,0,2,0,0,4,6.8
True,2001-03-04,0,-10,ORLANDO MAGIC,AWAY,DETROIT PISTONS,LOSS,524,0,2,0,0,0,0,0,2,0,0,1,0,3,-1.3
True,2001-03-05,0,0,ORLANDO MAGIC,HOME,DALLAS MAVERICKS,WIN,460,0,0,0,0,0,0,0,2,0,1,1,0,3,1.1
True,2001-03-07,7,-2,ORLANDO MAGIC,HOME,DETROIT PISTONS,WIN,1054,3,5,0,0,1,2,1,3,0,1,0,1,2,5.1
True,2001-03-08,3,-6,ORLANDO MAGIC,AWAY,CHARLOTTE HORNETS,LOSS,774,1,3,0,0,1,2,1,1,1,0,1,1,0,2.3
True,2001-03-10,4,8,ORLANDO MAGIC,HOME,MINNESOTA TIMBERWOLVES,WIN,730,2,2,0,0,0,0,0,3,0,0,1,0,3,3.8
True,2001-03-13,10,6,ORLANDO MAGIC,HOME,SACRAMENTO KINGS,LOSS,883,2,4,0,0,6,8,3,6,0,1,0,0,3,10.9
True,2001-03-14,12,8,ORLANDO MAGIC,AWAY,CLEVELAND CAVALIERS,WIN,1049,4,5,0,0,4,4,4,3,1,1,1,1,4,13.6
True,2001-03-16,1,-2,ORLANDO MAGIC,HOME,VANCOUVER GRIZZLIES,WIN,1231,0,2,0,0,1,2,1,2,2,0,2,0,2,2.5
True,2001-03-18,4,-6,ORLANDO MAGIC,HOME,LOS ANGELES LAKERS,LOSS,665,2,4,0,0,0,0,1,0,1,0,0,0,4,1.8
True,2001-03-20,11,7,ORLANDO MAGIC,AWAY,CHICAGO BULLS,WIN,500,5,5,0,0,1,2,1,2,0,0,0,0,0,10.4
True,2001-03-28,4,-5,ORLANDO MAGIC,AWAY,PHILADELPHIA 76ERS,WIN,751,2,2,0,0,0,0,0,1,0,0,2,1,4,2.5
True,2001-03-30,9,5,ORLANDO MAGIC,AWAY,DETROIT PISTONS,LOSS,573,4,5,0,0,1,1,3,2,3,1,1,2,4,10.0
True,2001-04-01,6,-12,ORLANDO MAGIC,AWAY,TORONTO RAPTORS,WIN,987,3,3,0,0,0,0,2,3,2,0,1,2,3,6.3
True,2001-04-03,0,6,ORLANDO MAGIC,AWAY,NEW YORK KNICKS,LOSS,917,0,2,0,0,0,0,1,6,1,0,1,0,3,1.3
True,2001-04-04,6,3,ORLANDO MAGIC,HOME,BOSTON CELTICS,WIN,754,3,4,0,0,0,0,1,2,0,1,2,1,3,5.9
True,2001-04-06,6,-8,ORLANDO MAGIC,HOME,TORONTO RAPTORS,LOSS,1351,2,6,0,0,2,3,4,4,1,1,0,0,2,7.1
True,2001-04-10,4,3,ORLANDO MAGIC,AWAY,CLEVELAND CAVALIERS,LOSS,943,2,5,0,0,0,0,2,2,0,0,0,0,3,2.1
True,2001-04-12,4,8,ORLANDO MAGIC,HOME,PHILADELPHIA 76ERS,WIN,401,2,2,0,0,0,0,0,1,0,0,0,0,4,2.1
True,2001-04-13,0,-12,ORLANDO MAGIC,AWAY,WASHINGTON WIZARDS,LOSS,784,0,2,0,0,0,0,1,1,0,1,0,0,4,-1.0
True,2001-04-15,2,6,ORLANDO MAGIC,AWAY,MIAMI HEAT,WIN,891,1,1,0,0,0,0,0,1,2,2,0,0,4,3.8
True,2001-04-16,12,11,ORLANDO MAGIC,HOME,MILWAUKEE BUCKS,LOSS,1008,3,4,0,0,6,7,2,0,0,1,0,0,2,11.6
True,2001-04-18,5,4,ORLANDO MAGIC,HOME,MIAMI HEAT,LOSS,1281,2,4,0,0,1,1,3,0,1,1,0,1,3,4.6
