active,date,points_scored,plus_minus,team,location,opponent,outcome,seconds_played,made_field_goals,attempted_field_goals,made_three_point_field_goals,attempted_three_point_field_goals,made_free_throws,attempted_free_throws,offensive_rebounds,defensive_rebounds,assists,steals,blocks,turnovers,personal_fouls,game_score
True,2001-01-12,0,-2,SACRAMENTO KINGS,AWAY,DENVER NUGGETS,LOSS,42,0,1,0,0,0,0,0,0,0,0,0,0,0,-0.7
True,2001-02-07,3,0,SACRAMENTO KINGS,AWAY,MINNESOTA TIMBERWOLVES,LOSS,333,1,1,0,0,1,2,0,1,0,0,0,1,1,1.2
True,2001-02-15,6,4,SACRAMENTO KINGS,AWAY,PORTLAND TRAIL BLAZERS,LOSS,1050,3,6,0,0,0,0,1,3,2,0,0,0,1,5.6
True,2001-02-16,4,3,SACRAMENTO KINGS,HOME,DENVER NUGGETS,WIN,425,1,2,0,0,2,2,0,1,1,0,0,0,0,4.0
True,2001-02-20,2,-3,SACRAMENTO KINGS,HOME,ATLANTA HAWKS,WIN,156,1,1,0,0,0,0,0,0,0,0,0,0,1,1.3
True,2001-02-28,2,-2,SACRAMENTO KINGS,AWAY,GOLDEN STATE WARRIORS,WIN,213,1,2,0,0,0,0,0,0,0,0,0,0,0,1.0
True,2001-03-07,0,-4,SACRAMENTO KINGS,AWAY,PHOENIX SUNS,WIN,69,0,1,0,0,0,0,0,1,0,0,0,0,0,-0.4
True,2001-03-11,0,-1,SACRAMENTO KINGS,HOME,UTAH JAZZ,WIN,45,0,0,0,0,0,0,0,0,0,0,0,0,1,-0.4
True,2001-04-18,9,2,SACRAMENTO KINGS,AWAY,DENVER NUGGETS,LOSS,1620,4,8,0,0,1,2,0,1,3,4,0,2,3,7.8
