active,date,points_scored,plus_minus,team,location,opponent,outcome,seconds_played,made_field_goals,attempted_field_goals,made_three_point_field_goals,attempted_three_point_field_goals,made_free_throws,attempted_free_throws,offensive_rebounds,defensive_rebounds,assists,steals,blocks,turnovers,personal_fouls,game_score
True,2001-10-30,28,10,MILWAUKEE BUCKS,AWAY,UTAH JAZZ,WIN,2326,11,21,1,4,5,6,2,2,2,1,0,1,1,20.3
True,2001-11-01,21,1,MILWAUKEE BUCKS,AWAY,DENVER NUGGETS,WIN,1893,8,19,2,3,3,5,0,6,2,4,1,1,3,15.8
True,2001-11-03,24,16,MILWAUKEE BUCKS,HOME,BOSTON CELTICS,WIN,2131,8,17,0,1,8,8,1,11,2,3,0,0,3,22.5
True,2001-11-08,26,1,MILWAUKEE BUCKS,HOME,MIAMI HEAT,WIN,2230,10,16,1,2,5,6,2,4,2,2,0,5,3,18.2
True,2001-11-10,14,-22,MILWAUKEE BUCKS,HOME,MINNESOTA TIMBERWOLVES,LOSS,1799,7,18,0,3,0,1,1,3,3,2,0,1,4,6.9
True,2001-11-14,13,-16,MILWAUKEE BUCKS,AWAY,WASHINGTON WIZARDS,WIN,2124,4,11,1,4,4,4,0,2,2,2,0,3,2,7.1
True,2001-11-17,34,9,MILWAUKEE BUCKS,HOME,UTAH JAZZ,WIN,2415,12,24,0,3,10,11,2,7,5,2,1,3,5,26.3
True,2001-11-21,22,6,MILWAUKEE BUCKS,HOME,CHICAGO BULLS,WIN,2305,7,14,0,1,8,9,2,6,3,3,0,2,3,19.7
True,2001-11-22,19,-1,MILWAUKEE BUCKS,AWAY,TORONTO RAPTORS,WIN,2443,7,15,2,2,3,3,0,10,3,1,1,3,3,13.9
True,2001-11-24,17,9,MILWAUKEE BUCKS,HOME,ATLANTA HAWKS,WIN,2382,6,20,1,4,4,4,1,6,3,2,2,2,2,10.6
True,2001-11-27,12,-13,MILWAUKEE BUCKS,AWAY,LOS ANGELES LAKERS,LOSS,2206,5,17,0,3,2,2,1,1,3,0,0,1,1,3.8
True,2001-11-28,16,-26,MILWAUKEE BUCKS,AWAY,PHOENIX SUNS,LOSS,1728,8,15,0,1,0,0,0,1,2,0,0,1,2,8.6
True,2001-11-30,23,-13,MILWAUKEE BUCKS,AWAY,PORTLAND TRAIL BLAZERS,LOSS,2236,9,17,1,3,4,6,0,4,1,1,0,1,2,15.0
True,2001-12-04,24,-7,MILWAUKEE BUCKS,HOME,NEW YORK KNICKS,LOSS,2200,8,17,3,6,5,6,0,7,0,3,0,4,5,14.0
True,2001-12-06,13,4,MILWAUKEE BUCKS,HOME,TORONTO RAPTORS,WIN,2225,4,13,1,2,4,5,0,3,3,2,0,3,0,7.1
True,2001-12-08,13,13,MILWAUKEE BUCKS,HOME,NEW JERSEY NETS,WIN,1695,5,12,0,3,3,3,1,4,2,1,0,2,0,8.9
True,2001-12-11,12,2,MILWAUKEE BUCKS,AWAY,MIAMI HEAT,LOSS,2454,6,16,0,1,0,0,0,4,6,4,0,4,4,7.0
True,2001-12-14,34,8,MILWAUKEE BUCKS,AWAY,PHILADELPHIA 76ERS,WIN,2255,14,22,2,3,4,5,1,9,2,2,2,4,0,28.0
True,2001-12-15,22,8,MILWAUKEE BUCKS,HOME,INDIANA PACERS,WIN,2089,9,15,2,4,2,5,0,9,5,4,1,3,0,21.8
True,2001-12-18,23,0,MILWAUKEE BUCKS,AWAY,MEMPHIS GRIZZLIES,WIN,2363,8,18,1,4,6,6,2,2,2,3,3,3,1,18.7
True,2001-12-20,21,-12,MILWAUKEE BUCKS,AWAY,DALLAS MAVERICKS,LOSS,1976,7,21,2,4,5,5,2,6,4,0,1,2,3,12.6
True,2001-12-22,29,-8,MILWAUKEE BUCKS,AWAY,HOUSTON ROCKETS,LOSS,2343,12,21,2,4,3,4,0,3,1,1,0,1,2,19.5
True,2001-12-23,30,9,MILWAUKEE BUCKS,AWAY,SAN ANTONIO SPURS,WIN,2356,15,26,0,0,0,1,1,3,2,1,0,4,3,16.2
True,2001-12-26,32,-1,MILWAUKEE BUCKS,HOME,ATLANTA HAWKS,WIN,2109,12,23,4,9,4,4,0,3,2,2,3,0,4,25.5
True,2001-12-28,21,7,MILWAUKEE BUCKS,AWAY,CHARLOTTE HORNETS,WIN,2207,9,19,1,4,2,3,0,6,3,1,0,4,1,11.4
True,2001-12-29,24,1,MILWAUKEE BUCKS,HOME,SAN ANTONIO SPURS,WIN,1963,10,17,1,3,3,4,0,3,2,1,0,4,2,14.2
True,2002-01-26,38,-1,MILWAUKEE BUCKS,HOME,NEW YORK KNICKS,LOSS,2429,15,28,2,4,6,7,1,7,0,1,1,3,2,24.7
True,2002-01-29,19,2,MILWAUKEE BUCKS,HOME,BOSTON CELTICS,WIN,1532,9,16,1,2,0,0,0,3,3,3,0,4,4,11.8
True,2002-01-31,23,-3,MILWAUKEE BUCKS,AWAY,NEW JERSEY NETS,LOSS,1602,6,17,2,3,9,10,2,1,1,0,1,3,3,12.0
True,2002-02-02,18,-4,MILWAUKEE BUCKS,HOME,PHILADELPHIA 76ERS,LOSS,2308,7,20,2,6,2,3,3,5,4,1,2,6,6,6.8
True,2002-02-07,10,-4,MILWAUKEE BUCKS,HOME,MEMPHIS GRIZZLIES,WIN,2148,5,11,0,3,0,0,0,5,5,4,1,4,2,9.2
True,2002-02-12,17,1,MILWAUKEE BUCKS,AWAY,CHICAGO BULLS,LOSS,2189,7,19,0,2,3,4,1,8,3,1,1,3,1,9.6
True,2002-02-13,32,-16,MILWAUKEE BUCKS,HOME,CLEVELAND CAVALIERS,LOSS,2208,9,16,1,2,13,15,2,1,1,0,3,1,2,26.3
True,2002-02-15,25,1,MILWAUKEE BUCKS,HOME,MIAMI HEAT,LOSS,2603,11,26,0,1,3,6,2,9,2,2,1,6,2,11.4
True,2002-02-17,8,-3,MILWAUKEE BUCKS,AWAY,TORONTO RAPTORS,WIN,1307,3,14,0,2,2,2,0,3,0,1,1,1,2,0.2
True,2002-02-18,18,-4,MILWAUKEE BUCKS,HOME,CHARLOTTE HORNETS,LOSS,2116,8,17,0,2,2,4,2,1,4,1,0,4,4,8.4
True,2002-02-20,21,31,MILWAUKEE BUCKS,HOME,HOUSTON ROCKETS,WIN,2055,9,18,1,2,2,2,1,5,6,5,2,1,2,23.0
True,2002-02-22,15,-9,MILWAUKEE BUCKS,HOME,GOLDEN STATE WARRIORS,WIN,1515,6,21,1,5,2,2,1,1,3,0,0,1,1,4.4
True,2002-02-24,13,5,MILWAUKEE BUCKS,HOME,DETROIT PISTONS,WIN,2119,6,10,1,1,0,0,2,4,1,1,0,3,3,8.5
True,2002-02-26,19,-6,MILWAUKEE BUCKS,HOME,LOS ANGELES LAKERS,LOSS,2361,5,12,0,1,9,10,1,4,2,1,0,1,4,13.9
True,2002-02-27,22,2,MILWAUKEE BUCKS,AWAY,BOSTON CELTICS,WIN,2058,9,16,0,1,4,4,2,3,0,1,0,1,2,15.9
True,2002-03-02,24,1,MILWAUKEE BUCKS,HOME,PORTLAND TRAIL BLAZERS,LOSS,2173,11,21,0,2,2,3,2,7,2,1,1,4,5,13.9
True,2002-03-03,28,-1,MILWAUKEE BUCKS,AWAY,CLEVELAND CAVALIERS,WIN,2323,10,20,1,1,7,8,3,7,3,2,1,2,3,23.4
True,2002-03-05,13,-14,MILWAUKEE BUCKS,AWAY,NEW YORK KNICKS,LOSS,1881,4,9,0,2,5,6,0,2,1,0,0,4,3,4.0
True,2002-03-06,22,4,MILWAUKEE BUCKS,HOME,LOS ANGELES CLIPPERS,WIN,2117,10,16,0,0,2,2,2,3,1,4,0,3,4,17.2
True,2002-03-08,30,1,MILWAUKEE BUCKS,HOME,CLEVELAND CAVALIERS,LOSS,2467,13,20,0,2,4,4,1,9,1,2,0,3,5,22.3
True,2002-03-10,14,-11,MILWAUKEE BUCKS,HOME,SACRAMENTO KINGS,LOSS,2005,7,14,0,0,0,0,4,5,3,0,0,3,3,9.2
True,2002-03-12,16,32,MILWAUKEE BUCKS,HOME,CHICAGO BULLS,WIN,2100,6,16,1,1,3,4,5,6,6,0,1,0,2,16.2
True,2002-03-16,16,3,MILWAUKEE BUCKS,HOME,DETROIT PISTONS,LOSS,2332,7,14,0,1,2,3,1,9,4,2,0,1,2,15.0
True,2002-03-18,16,-10,MILWAUKEE BUCKS,AWAY,CHARLOTTE HORNETS,LOSS,2280,7,13,1,1,1,1,0,7,5,0,3,2,4,13.8
True,2002-03-19,13,-8,MILWAUKEE BUCKS,AWAY,ORLANDO MAGIC,LOSS,1353,5,11,1,4,2,2,1,7,2,0,1,1,4,9.6
True,2002-03-24,25,13,MILWAUKEE BUCKS,HOME,ORLANDO MAGIC,WIN,2117,10,13,1,2,4,4,1,9,2,3,0,4,2,22.9
True,2002-03-26,18,-12,MILWAUKEE BUCKS,HOME,DALLAS MAVERICKS,LOSS,2584,7,22,1,4,3,3,1,9,4,0,0,6,2,4.8
True,2002-03-28,19,11,MILWAUKEE BUCKS,HOME,DENVER NUGGETS,WIN,2179,6,18,0,1,7,7,4,11,3,1,0,4,2,13.2
True,2002-03-29,16,-10,MILWAUKEE BUCKS,AWAY,WASHINGTON WIZARDS,LOSS,1809,6,15,2,4,2,2,0,5,1,0,1,5,3,4.6
True,2002-03-31,29,-17,MILWAUKEE BUCKS,AWAY,BOSTON CELTICS,LOSS,2137,11,22,2,4,5,5,1,9,3,2,0,4,2,20.7
True,2002-04-02,20,-14,MILWAUKEE BUCKS,AWAY,ATLANTA HAWKS,LOSS,2379,9,24,1,4,1,2,1,2,3,1,0,4,3,5.6
True,2002-04-03,38,12,MILWAUKEE BUCKS,HOME,WASHINGTON WIZARDS,WIN,2325,13,24,3,3,9,11,0,3,1,1,0,3,2,24.4
True,2002-04-05,19,-5,MILWAUKEE BUCKS,AWAY,MIAMI HEAT,LOSS,2275,6,13,1,2,6,8,0,5,4,2,0,2,4,14.2
True,2002-04-07,9,-3,MILWAUKEE BUCKS,AWAY,PHILADELPHIA 76ERS,LOSS,2238,4,13,0,3,1,1,0,8,6,0,0,2,2,5.3
True,2002-04-09,18,4,MILWAUKEE BUCKS,HOME,PHILADELPHIA 76ERS,LOSS,2086,7,16,1,3,3,4,1,6,2,0,2,1,3,12.3
True,2002-04-10,21,-21,MILWAUKEE BUCKS,AWAY,CLEVELAND CAVALIERS,LOSS,1874,8,18,1,4,4,4,0,1,3,0,1,2,2,11.9
True,2002-04-12,12,-7,MILWAUKEE BUCKS,AWAY,INDIANA PACERS,LOSS,2671,6,19,0,3,0,0,2,10,1,2,1,2,3,5.7
True,2002-04-14,23,4,MILWAUKEE BUCKS,HOME,CHARLOTTE HORNETS,WIN,1974,10,16,2,3,1,2,0,2,3,0,0,1,3,15.9
True,2002-04-16,22,19,MILWAUKEE BUCKS,HOME,TORONTO RAPTORS,WIN,2279,10,20,0,3,2,2,1,5,1,3,1,3,3,14.4
True,2002-04-17,20,-19,MILWAUKEE BUCKS,AWAY,DETROIT PISTONS,LOSS,1884,7,15,0,3,6,9,0,4,1,1,0,4,3,8.8
