active,date,points_scored,plus_minus,team,location,opponent,outcome,seconds_played,made_field_goals,attempted_field_goals,made_three_point_field_goals,attempted_three_point_field_goals,made_free_throws,attempted_free_throws,offensive_rebounds,defensive_rebounds,assists,steals,blocks,turnovers,personal_fouls,game_score
True,2001-11-16,2,5,SEATTLE SUPERSONICS,HOME,GOLDEN STATE WARRIORS,WIN,547,1,2,0,0,0,0,1,0,0,0,0,0,2,0.9
True,2001-11-17,2,-2,SEATTLE SUPERSONICS,HOME,DENVER NUGGETS,LOSS,498,1,3,0,0,0,0,2,2,0,0,1,0,2,2.2
True,2001-12-11,2,-7,SEATTLE SUPERSONICS,AWAY,LOS ANGELES LAKERS,WIN,1185,1,5,0,0,0,0,1,1,4,1,0,3,4,-0.9
True,2001-12-12,1,-12,SEATTLE SUPERSONICS,AWAY,LOS ANGELES CLIPPERS,LOSS,421,0,1,0,0,1,2,1,0,1,0,0,0,0,1.3
True,2001-12-22,2,3,SEATTLE SUPERSONICS,HOME,DETROIT PISTONS,WIN,204,1,1,0,0,0,0,0,1,0,0,2,0,0,3.4
