active,date,points_scored,plus_minus,team,location,opponent,outcome,seconds_played,made_field_goals,attempted_field_goals,made_three_point_field_goals,attempted_three_point_field_goals,made_free_throws,attempted_free_throws,offensive_rebounds,defensive_rebounds,assists,steals,blocks,turnovers,personal_fouls,game_score
True,2002-03-13,0,-4,ORLANDO MAGIC,HOME,PHOENIX SUNS,WIN,200,0,0,0,0,0,0,0,1,0,0,1,1,0,0.0
True,2002-03-15,5,9,ORLANDO MAGIC,HOME,DENVER NUGGETS,WIN,983,2,7,1,6,0,0,0,1,1,2,0,1,1,2.5
True,2002-03-17,0,1,ORLANDO MAGIC,AWAY,PHILADELPHIA 76ERS,WIN,594,0,0,0,0,0,0,0,1,0,0,0,0,1,-0.1
True,2002-03-19,0,3,ORLANDO MAGIC,HOME,MILWAUKEE BUCKS,WIN,102,0,0,0,0,0,0,0,0,0,0,0,0,1,-0.4
True,2002-03-22,0,3,ORLANDO MAGIC,HOME,CHARLOTTE HORNETS,LOSS,840,0,4,0,1,0,0,0,1,0,0,0,0,1,-2.9
True,2002-03-24,2,-13,ORLANDO MAGIC,AWAY,MILWAUKEE BUCKS,LOSS,1167,1,9,0,5,0,0,0,5,1,1,0,1,0,-1.7
True,2002-03-26,0,-2,ORLANDO MAGIC,HOME,CHICAGO BULLS,WIN,63,0,0,0,0,0,0,0,0,0,0,0,1,0,-1.0
