active,date,points_scored,plus_minus,team,location,opponent,outcome,seconds_played,made_field_goals,attempted_field_goals,made_three_point_field_goals,attempted_three_point_field_goals,made_free_throws,attempted_free_throws,offensive_rebounds,defensive_rebounds,assists,steals,blocks,turnovers,personal_fouls,game_score
True,2003-12-14,0,-7,PHILADELPHIA 76ERS,HOME,UTAH JAZZ,LOSS,191,0,0,0,0,0,0,1,0,0,0,0,0,0,0.7
True,2003-12-17,2,1,PHILADELPHIA 76ERS,HOME,MIAMI HEAT,WIN,190,1,1,0,0,0,0,0,1,1,0,0,0,0,2.7
True,2003-12-19,0,-1,PHILADELPHIA 76ERS,HOME,CLEVELAND CAVALIERS,LOSS,223,0,0,0,0,0,0,0,0,0,0,0,0,0,0.0
True,2003-12-22,6,-5,PHILADELPHIA 76ERS,HOME,ORLANDO MAGIC,WIN,1330,2,3,0,0,2,2,3,5,0,1,0,1,2,7.5
True,2003-12-26,4,-2,PHILADELPHIA 76ERS,AWAY,LOS ANGELES CLIPPERS,LOSS,583,2,2,0,0,0,1,0,2,2,0,0,0,2,4.2
True,2004-01-05,7,-3,PHILADELPHIA 76ERS,HOME,MILWAUKEE BUCKS,LOSS,586,2,3,0,0,3,5,1,4,0,0,0,0,1,6.4
True,2004-01-09,0,-4,PHILADELPHIA 76ERS,HOME,NEW JERSEY NETS,WIN,125,0,2,0,0,0,0,1,0,0,0,0,0,0,-0.7
True,2004-01-12,0,-4,PHILADELPHIA 76ERS,AWAY,ORLANDO MAGIC,WIN,335,0,0,0,0,0,0,0,0,0,0,0,0,1,-0.4
True,2004-01-14,1,-3,PHILADELPHIA 76ERS,AWAY,DALLAS MAVERICKS,LOSS,200,0,0,0,0,1,2,0,1,0,0,0,0,2,0.1
True,2004-01-23,3,3,PHILADELPHIA 76ERS,HOME,ORLANDO MAGIC,LOSS,246,0,1,0,0,3,6,1,1,0,0,0,0,2,1.3
True,2004-01-24,2,-7,PHILADELPHIA 76ERS,AWAY,CLEVELAND CAVALIERS,LOSS,1189,0,0,0,0,2,2,0,6,0,1,0,0,3,3.6
True,2004-01-27,1,6,PHILADELPHIA 76ERS,HOME,NEW JERSEY NETS,LOSS,339,0,0,0,0,1,4,0,2,0,0,0,0,0,0.4
True,2004-01-28,2,-6,PHILADELPHIA 76ERS,AWAY,TORONTO RAPTORS,LOSS,429,0,0,0,0,2,2,1,4,0,0,1,1,0,3.6
True,2004-02-01,0,0,PHILADELPHIA 76ERS,AWAY,MINNESOTA TIMBERWOLVES,LOSS,49,0,0,0,0,0,0,0,0,0,0,0,0,1,-0.4
True,2004-02-03,0,-5,PHILADELPHIA 76ERS,HOME,TORONTO RAPTORS,LOSS,442,0,0,0,0,0,0,0,1,0,1,0,0,1,0.9
True,2004-02-05,0,8,PHILADELPHIA 76ERS,HOME,LOS ANGELES LAKERS,WIN,340,0,1,0,0,0,0,0,0,0,1,0,0,3,-0.9
True,2004-02-07,1,-5,PHILADELPHIA 76ERS,HOME,BOSTON CELTICS,LOSS,368,0,0,0,0,1,6,1,0,0,0,0,0,1,-0.7
True,2004-02-08,0,0,PHILADELPHIA 76ERS,AWAY,NEW JERSEY NETS,LOSS,43,0,0,0,0,0,0,0,0,0,0,0,0,0,0.0
True,2004-02-11,14,9,PHILADELPHIA 76ERS,HOME,WASHINGTON WIZARDS,WIN,1032,4,6,0,0,6,8,4,6,1,1,1,0,4,16.0
True,2004-02-17,6,2,PHILADELPHIA 76ERS,AWAY,DENVER NUGGETS,LOSS,1112,3,3,0,0,0,0,0,4,0,0,1,1,3,4.8
True,2004-02-19,0,0,PHILADELPHIA 76ERS,AWAY,SEATTLE SUPERSONICS,WIN,403,0,0,0,0,0,0,1,1,0,0,0,0,4,-0.6
True,2004-02-20,1,-6,PHILADELPHIA 76ERS,AWAY,LOS ANGELES LAKERS,LOSS,700,0,3,0,0,1,2,1,2,1,0,0,0,3,-0.7
True,2004-02-23,0,-1,PHILADELPHIA 76ERS,HOME,DETROIT PISTONS,LOSS,319,0,4,0,0,0,0,2,1,0,0,0,0,1,-1.5
True,2004-02-24,6,-3,PHILADELPHIA 76ERS,AWAY,ATLANTA HAWKS,LOSS,445,1,2,0,0,4,6,1,1,0,0,0,1,1,3.8
True,2004-02-28,0,-3,PHILADELPHIA 76ERS,AWAY,INDIANA PACERS,LOSS,305,0,0,0,0,0,0,0,1,1,0,0,1,4,-1.6
True,2004-02-29,4,-3,PHILADELPHIA 76ERS,HOME,MINNESOTA TIMBERWOLVES,WIN,554,2,2,0,0,0,0,3,3,1,0,1,2,3,4.6
True,2004-03-04,0,-7,PHILADELPHIA 76ERS,HOME,SACRAMENTO KINGS,LOSS,111,0,0,0,0,0,0,0,0,0,0,0,1,0,-1.0
True,2004-03-06,15,10,PHILADELPHIA 76ERS,HOME,CHICAGO BULLS,WIN,1460,4,7,0,0,7,9,3,8,1,0,2,2,4,13.9
True,2004-03-08,19,10,PHILADELPHIA 76ERS,HOME,MILWAUKEE BUCKS,WIN,1957,5,6,0,0,9,11,3,6,2,0,0,1,3,19.1
True,2004-03-09,7,10,PHILADELPHIA 76ERS,AWAY,CHICAGO BULLS,WIN,1882,1,2,0,0,5,5,2,7,0,0,0,0,4,7.9
True,2004-03-12,0,3,PHILADELPHIA 76ERS,HOME,NEW YORK KNICKS,WIN,848,0,2,0,0,0,0,1,3,0,0,0,1,2,-1.6
True,2004-03-14,4,-4,PHILADELPHIA 76ERS,AWAY,DETROIT PISTONS,LOSS,814,1,2,0,0,2,2,0,3,1,0,0,1,1,3.2
True,2004-03-16,7,2,PHILADELPHIA 76ERS,AWAY,MEMPHIS GRIZZLIES,LOSS,1059,3,5,0,0,1,1,2,4,0,0,1,2,2,5.2
True,2004-03-17,1,-14,PHILADELPHIA 76ERS,AWAY,NEW ORLEANS HORNETS,LOSS,773,0,0,0,0,1,2,1,1,1,0,0,1,2,0.5
True,2004-03-20,0,-16,PHILADELPHIA 76ERS,AWAY,MIAMI HEAT,LOSS,550,0,1,0,0,0,0,0,1,0,0,0,0,0,-0.4
True,2004-03-22,0,2,PHILADELPHIA 76ERS,HOME,DALLAS MAVERICKS,WIN,151,0,0,0,0,0,0,0,1,0,0,0,1,0,-0.7
True,2004-03-24,2,-1,PHILADELPHIA 76ERS,HOME,PHOENIX SUNS,WIN,503,1,3,0,0,0,0,1,2,0,1,0,0,1,2.2
True,2004-03-26,4,-5,PHILADELPHIA 76ERS,HOME,CLEVELAND CAVALIERS,WIN,588,1,3,0,0,2,2,6,2,0,0,0,0,2,6.3
True,2004-03-28,0,1,PHILADELPHIA 76ERS,AWAY,BOSTON CELTICS,LOSS,433,0,4,0,0,0,0,1,1,0,0,1,0,1,-1.5
True,2004-04-01,4,-1,PHILADELPHIA 76ERS,HOME,PORTLAND TRAIL BLAZERS,LOSS,336,2,3,0,0,0,0,1,3,0,0,0,0,0,4.3
True,2004-04-03,6,-6,PHILADELPHIA 76ERS,HOME,NEW YORK KNICKS,LOSS,566,2,5,0,0,2,3,2,3,0,0,0,1,1,3.8
True,2004-04-06,0,0,PHILADELPHIA 76ERS,AWAY,ATLANTA HAWKS,WIN,0,0,0,0,0,0,0,0,0,0,0,0,0,0,0.0
True,2004-04-09,8,-1,PHILADELPHIA 76ERS,HOME,WASHINGTON WIZARDS,LOSS,980,3,5,0,0,2,2,1,4,0,0,0,1,3,5.4
True,2004-04-11,6,-8,PHILADELPHIA 76ERS,AWAY,NEW JERSEY NETS,LOSS,940,1,2,0,0,4,6,0,1,1,1,0,2,1,3.8
True,2004-04-12,21,4,PHILADELPHIA 76ERS,HOME,INDIANA PACERS,LOSS,1375,9,10,0,0,3,3,2,0,0,0,0,5,4,12.4
True,2004-04-14,5,-6,PHILADELPHIA 76ERS,AWAY,ORLANDO MAGIC,LOSS,840,1,2,0,0,3,4,2,1,0,1,0,1,1,4.9
