active,date,points_scored,plus_minus,team,location,opponent,outcome,seconds_played,made_field_goals,attempted_field_goals,made_three_point_field_goals,attempted_three_point_field_goals,made_free_throws,attempted_free_throws,offensive_rebounds,defensive_rebounds,assists,steals,blocks,turnovers,personal_fouls,game_score
True,2003-10-30,4,-6,CLEVELAND CAVALIERS,AWAY,PHOENIX SUNS,LOSS,361,2,3,0,0,0,0,0,0,0,0,0,0,0,2.7
True,2003-11-01,0,13,CLEVELAND CAVALIERS,AWAY,PORTLAND TRAIL BLAZERS,LOSS,624,0,1,0,1,0,0,0,1,0,0,0,0,1,-0.8
True,2003-11-10,2,-3,CLEVELAND CAVALIERS,HOME,NEW YORK KNICKS,WIN,235,1,2,0,0,0,0,1,0,0,0,0,0,0,1.7
True,2003-11-14,2,2,CLEVELAND CAVALIERS,AWAY,BOSTON CELTICS,LOSS,121,1,1,0,0,0,0,0,0,0,0,0,0,0,1.7
True,2003-11-15,0,-3,CLEVELAND CAVALIERS,HOME,PHILADELPHIA 76ERS,WIN,203,0,0,0,0,0,0,0,0,0,0,0,0,1,-0.4
True,2003-11-21,7,-3,CLEVELAND CAVALIERS,HOME,MINNESOTA TIMBERWOLVES,LOSS,1353,2,5,1,2,2,2,1,1,1,0,0,1,3,3.8
True,2003-11-22,13,-7,CLEVELAND CAVALIERS,AWAY,ATLANTA HAWKS,LOSS,1904,4,11,3,4,2,2,3,2,0,1,0,0,1,10.2
True,2003-11-26,14,-1,CLEVELAND CAVALIERS,AWAY,NEW ORLEANS HORNETS,LOSS,2048,5,14,3,6,1,1,2,3,1,1,0,1,5,7.2
True,2003-11-28,2,-5,CLEVELAND CAVALIERS,AWAY,DETROIT PISTONS,LOSS,505,1,3,0,0,0,0,1,0,2,0,1,1,1,1.7
True,2003-11-29,0,0,CLEVELAND CAVALIERS,HOME,MEMPHIS GRIZZLIES,LOSS,2,0,0,0,0,0,0,0,0,0,0,0,0,0,0.0
True,2003-12-06,16,22,CLEVELAND CAVALIERS,HOME,ATLANTA HAWKS,WIN,1360,6,8,2,2,2,2,2,0,2,1,1,1,2,15.5
True,2003-12-09,8,-2,CLEVELAND CAVALIERS,HOME,TORONTO RAPTORS,LOSS,676,3,7,1,2,1,2,1,1,0,1,0,0,1,5.5
True,2003-12-11,3,3,CLEVELAND CAVALIERS,HOME,DETROIT PISTONS,WIN,161,1,1,1,1,0,0,0,0,0,0,0,1,1,1.3
True,2003-12-13,0,-3,CLEVELAND CAVALIERS,HOME,BOSTON CELTICS,LOSS,129,0,0,0,0,0,0,0,1,0,0,0,0,1,-0.1
True,2003-12-15,2,-4,CLEVELAND CAVALIERS,AWAY,INDIANA PACERS,LOSS,967,1,3,0,1,0,0,0,2,0,1,0,0,2,1.1
True,2003-12-19,5,2,CLEVELAND CAVALIERS,AWAY,PHILADELPHIA 76ERS,WIN,697,2,3,0,1,1,2,0,0,0,1,0,0,0,4.3
True,2003-12-23,0,-4,CLEVELAND CAVALIERS,HOME,NEW ORLEANS HORNETS,WIN,154,0,1,0,0,0,0,0,0,0,0,0,0,0,-0.7
True,2003-12-25,0,-3,CLEVELAND CAVALIERS,AWAY,ORLANDO MAGIC,LOSS,63,0,1,0,1,0,0,0,0,0,0,0,0,0,-0.7
True,2004-01-02,0,-3,CLEVELAND CAVALIERS,AWAY,NEW JERSEY NETS,LOSS,209,0,1,0,0,0,0,0,0,0,0,0,0,0,-0.7
True,2004-01-09,9,-7,CLEVELAND CAVALIERS,AWAY,BOSTON CELTICS,LOSS,1036,3,7,2,5,1,2,1,2,1,0,0,1,1,5.5
True,2004-01-12,3,-14,CLEVELAND CAVALIERS,AWAY,LOS ANGELES LAKERS,LOSS,779,1,4,1,2,0,0,0,1,0,0,0,1,2,-0.9
True,2004-01-13,8,13,CLEVELAND CAVALIERS,AWAY,SEATTLE SUPERSONICS,WIN,1520,2,4,0,1,4,4,0,2,1,0,0,0,3,6.1
True,2004-01-15,0,-2,CLEVELAND CAVALIERS,AWAY,GOLDEN STATE WARRIORS,LOSS,991,0,3,0,1,0,0,0,4,1,1,0,0,2,0.0
True,2004-01-17,2,-13,CLEVELAND CAVALIERS,AWAY,UTAH JAZZ,WIN,515,0,0,0,0,2,3,0,1,0,1,0,0,2,2.1
True,2004-01-20,2,-3,CLEVELAND CAVALIERS,HOME,SEATTLE SUPERSONICS,WIN,457,0,2,0,1,2,2,0,1,0,0,0,1,1,-0.5
True,2004-02-07,5,-2,CLEVELAND CAVALIERS,HOME,WASHINGTON WIZARDS,LOSS,248,2,4,1,1,0,0,1,1,0,0,0,0,2,3.2
True,2004-02-11,4,0,CLEVELAND CAVALIERS,HOME,NEW JERSEY NETS,LOSS,396,2,3,0,0,0,0,0,1,0,0,0,1,0,2.0
True,2004-02-18,0,-2,CLEVELAND CAVALIERS,HOME,DALLAS MAVERICKS,LOSS,176,0,1,0,0,0,0,0,0,0,0,0,0,0,-0.7
True,2004-02-20,0,0,CLEVELAND CAVALIERS,HOME,SAN ANTONIO SPURS,WIN,538,0,1,0,1,0,0,0,1,0,1,0,0,1,0.2
True,2004-02-23,19,28,CLEVELAND CAVALIERS,HOME,NEW ORLEANS HORNETS,WIN,1637,7,9,5,5,0,0,1,4,2,3,0,1,0,20.8
True,2004-02-25,0,-4,CLEVELAND CAVALIERS,AWAY,HOUSTON ROCKETS,LOSS,302,0,0,0,0,0,0,0,0,0,0,0,1,0,-1.0
True,2004-02-27,5,-1,CLEVELAND CAVALIERS,AWAY,ORLANDO MAGIC,WIN,548,1,4,1,2,2,2,1,0,1,0,0,1,0,3.0
True,2004-03-01,0,-5,CLEVELAND CAVALIERS,AWAY,CHICAGO BULLS,LOSS,826,0,3,0,1,0,0,1,1,0,0,0,2,2,-3.9
True,2004-03-03,2,-4,CLEVELAND CAVALIERS,HOME,ATLANTA HAWKS,WIN,615,1,3,0,1,0,0,0,2,0,0,0,1,1,-0.5
True,2004-03-10,0,-5,CLEVELAND CAVALIERS,AWAY,TORONTO RAPTORS,WIN,175,0,0,0,0,0,0,0,0,0,0,0,0,0,0.0
True,2004-03-16,4,-1,CLEVELAND CAVALIERS,HOME,CHICAGO BULLS,WIN,310,2,3,0,0,0,0,1,0,0,0,0,0,0,3.4
True,2004-04-02,0,0,CLEVELAND CAVALIERS,AWAY,MILWAUKEE BUCKS,LOSS,200,0,1,0,0,0,0,0,0,0,0,0,1,1,-2.1
True,2004-04-03,0,-8,CLEVELAND CAVALIERS,HOME,GOLDEN STATE WARRIORS,LOSS,774,0,4,0,2,0,0,0,1,1,0,0,1,0,-2.8
True,2004-04-07,0,-6,CLEVELAND CAVALIERS,AWAY,MEMPHIS GRIZZLIES,LOSS,533,0,2,0,0,0,0,1,2,0,0,0,2,3,-3.3
True,2004-04-09,0,-9,CLEVELAND CAVALIERS,AWAY,MIAMI HEAT,LOSS,698,0,1,0,0,0,0,0,1,0,0,0,1,1,-1.8
True,2004-04-10,4,-10,CLEVELAND CAVALIERS,HOME,MIAMI HEAT,WIN,355,2,5,0,0,0,0,1,0,1,1,0,1,0,2.7
