active,date,points_scored,plus_minus,team,location,opponent,outcome,seconds_played,made_field_goals,attempted_field_goals,made_three_point_field_goals,attempted_three_point_field_goals,made_free_throws,attempted_free_throws,offensive_rebounds,defensive_rebounds,assists,steals,blocks,turnovers,personal_fouls,game_score
True,2004-11-17,11,-12,MILWAUKEE BUCKS,HOME,MIAMI HEAT,LOSS,1369,3,7,0,1,5,7,0,2,4,1,0,2,3,7.7
True,2004-11-19,6,-9,MILWAUKEE BUCKS,AWAY,PORTLAND TRAIL BLAZERS,LOSS,1488,2,5,0,1,2,4,0,3,3,0,0,4,5,-0.5
True,2004-11-21,11,-5,MILWAUKEE BUCKS,AWAY,SACRAMENTO KINGS,LOSS,1443,4,11,1,6,2,2,1,2,3,0,0,0,1,7.9
True,2004-11-23,18,6,MILWAUKEE BUCKS,AWAY,LOS ANGELES LAKERS,LOSS,2231,7,15,2,2,2,2,1,4,11,2,0,3,4,17.3
True,2004-11-24,7,3,MILWAUKEE BUCKS,AWAY,PHOENIX SUNS,LOSS,1513,3,10,1,3,0,0,0,1,3,1,1,2,0,3.3
True,2004-11-27,8,9,MILWAUKEE BUCKS,HOME,DETROIT PISTONS,WIN,1357,4,8,0,2,0,0,1,1,3,0,0,1,2,5.3
True,2004-11-30,7,-7,MILWAUKEE BUCKS,HOME,LOS ANGELES LAKERS,LOSS,1495,3,7,1,2,0,0,0,1,4,0,0,0,3,5.2
True,2004-12-01,2,9,MILWAUKEE BUCKS,AWAY,BOSTON CELTICS,LOSS,971,1,5,0,1,0,2,0,2,2,0,1,1,6,-2.6
True,2004-12-04,11,-21,MILWAUKEE BUCKS,HOME,SAN ANTONIO SPURS,LOSS,1811,5,9,1,5,0,0,0,0,4,1,0,1,3,8.3
True,2004-12-07,3,4,MILWAUKEE BUCKS,AWAY,INDIANA PACERS,WIN,1383,1,4,1,3,0,0,0,0,4,1,0,0,2,3.6
True,2004-12-08,2,15,MILWAUKEE BUCKS,HOME,MIAMI HEAT,LOSS,1187,1,8,0,2,0,0,0,0,1,0,0,0,4,-4.1
True,2004-12-10,16,5,MILWAUKEE BUCKS,HOME,INDIANA PACERS,WIN,1743,5,12,3,4,3,3,1,2,4,0,0,1,2,11.9
True,2004-12-12,11,8,MILWAUKEE BUCKS,AWAY,PHILADELPHIA 76ERS,LOSS,1496,3,6,2,5,3,4,0,3,3,1,0,0,3,10.4
True,2004-12-14,15,-7,MILWAUKEE BUCKS,HOME,SACRAMENTO KINGS,LOSS,1637,4,11,2,5,5,6,1,3,4,1,0,0,2,13.1
True,2004-12-16,7,-4,MILWAUKEE BUCKS,AWAY,CHICAGO BULLS,LOSS,1337,3,6,1,1,0,0,0,2,4,1,0,1,1,7.0
True,2004-12-18,2,-26,MILWAUKEE BUCKS,HOME,PHILADELPHIA 76ERS,LOSS,1209,1,6,0,1,0,0,0,1,1,0,0,2,5,-4.8
True,2004-12-22,22,6,MILWAUKEE BUCKS,HOME,PORTLAND TRAIL BLAZERS,LOSS,1788,9,17,1,4,3,3,1,2,4,1,0,0,0,18.8
True,2004-12-26,6,-1,MILWAUKEE BUCKS,HOME,CHICAGO BULLS,WIN,1409,3,8,0,0,0,0,1,3,8,2,0,0,2,10.0
True,2004-12-28,13,5,MILWAUKEE BUCKS,HOME,HOUSTON ROCKETS,WIN,1597,5,10,1,2,2,2,1,1,3,1,0,4,4,6.5
True,2004-12-29,6,-3,MILWAUKEE BUCKS,AWAY,ORLANDO MAGIC,WIN,1208,2,9,1,4,1,2,0,1,2,0,0,0,2,1.0
True,2004-12-31,17,-4,MILWAUKEE BUCKS,AWAY,HOUSTON ROCKETS,LOSS,1732,8,19,1,4,0,2,2,3,7,2,0,2,2,12.5
True,2005-01-02,20,-14,MILWAUKEE BUCKS,AWAY,DALLAS MAVERICKS,LOSS,1512,9,13,2,3,0,0,1,4,3,0,0,2,1,16.1
True,2005-01-04,15,2,MILWAUKEE BUCKS,AWAY,INDIANA PACERS,LOSS,1539,5,9,0,2,5,7,0,4,7,1,0,0,1,16.6
True,2005-01-05,17,18,MILWAUKEE BUCKS,HOME,NEW JERSEY NETS,WIN,1834,7,12,2,5,1,2,0,5,6,3,0,6,1,13.3
True,2005-01-07,4,-14,MILWAUKEE BUCKS,AWAY,TORONTO RAPTORS,WIN,1098,2,5,0,0,0,0,1,0,0,1,0,2,1,0.6
True,2005-01-08,10,10,MILWAUKEE BUCKS,HOME,UTAH JAZZ,WIN,1360,3,6,2,2,2,2,0,3,5,1,0,3,3,8.2
True,2005-01-11,14,-4,MILWAUKEE BUCKS,AWAY,ATLANTA HAWKS,LOSS,1428,6,10,1,3,1,2,0,0,4,2,0,1,1,12.4
True,2005-01-12,8,-5,MILWAUKEE BUCKS,AWAY,SAN ANTONIO SPURS,LOSS,1116,3,8,1,3,1,2,0,0,3,0,0,2,2,2.5
True,2005-01-14,11,-3,MILWAUKEE BUCKS,HOME,WASHINGTON WIZARDS,LOSS,1227,5,10,0,3,1,2,0,3,3,1,0,4,6,3.2
True,2005-01-15,12,-8,MILWAUKEE BUCKS,AWAY,MEMPHIS GRIZZLIES,LOSS,1771,4,11,1,2,3,4,0,2,6,0,0,3,2,6.5
True,2005-01-17,11,8,MILWAUKEE BUCKS,AWAY,CHARLOTTE BOBCATS,WIN,1442,4,9,0,4,3,5,2,6,4,1,0,1,3,10.3
True,2005-01-19,13,-4,MILWAUKEE BUCKS,AWAY,NEW JERSEY NETS,LOSS,1440,4,9,2,3,3,3,2,2,3,0,0,3,0,9.4
True,2005-01-21,20,7,MILWAUKEE BUCKS,HOME,DETROIT PISTONS,WIN,1716,6,9,4,5,4,6,0,2,4,1,1,0,2,19.6
True,2005-01-23,8,8,MILWAUKEE BUCKS,AWAY,NEW YORK KNICKS,WIN,1458,2,9,1,3,3,3,0,3,5,3,0,2,5,5.9
True,2005-01-26,15,0,MILWAUKEE BUCKS,HOME,PHOENIX SUNS,LOSS,1245,6,17,3,6,0,0,1,5,5,1,0,0,5,10.2
True,2005-01-28,8,-26,MILWAUKEE BUCKS,HOME,DENVER NUGGETS,LOSS,1147,3,8,1,3,1,2,2,1,1,0,0,3,4,1.0
True,2005-01-30,8,-3,MILWAUKEE BUCKS,AWAY,CLEVELAND CAVALIERS,LOSS,1023,4,7,0,1,0,0,0,4,1,2,0,2,1,6.2
True,2005-02-01,10,1,MILWAUKEE BUCKS,HOME,MINNESOTA TIMBERWOLVES,WIN,1472,4,11,0,2,2,2,0,1,3,1,0,1,3,5.1
True,2005-02-04,6,-3,MILWAUKEE BUCKS,HOME,LOS ANGELES CLIPPERS,WIN,1356,3,10,0,4,0,0,0,2,4,0,0,3,0,0.6
True,2005-02-05,22,-2,MILWAUKEE BUCKS,AWAY,WASHINGTON WIZARDS,LOSS,2196,10,15,1,2,1,1,1,3,5,0,0,3,3,16.4
True,2005-02-08,28,20,MILWAUKEE BUCKS,HOME,BOSTON CELTICS,WIN,1597,9,15,8,13,2,2,0,3,1,1,0,4,2,18.9
True,2005-02-09,14,5,MILWAUKEE BUCKS,AWAY,TORONTO RAPTORS,WIN,1644,6,10,2,4,0,0,1,2,5,2,0,1,3,14.0
True,2005-02-12,18,20,MILWAUKEE BUCKS,HOME,ATLANTA HAWKS,WIN,1595,6,11,3,5,3,3,1,1,6,1,0,2,1,16.5
True,2005-02-14,13,-2,MILWAUKEE BUCKS,AWAY,DETROIT PISTONS,LOSS,1819,5,15,3,9,0,0,1,1,3,1,0,1,2,6.8
True,2005-02-16,9,-14,MILWAUKEE BUCKS,AWAY,NEW YORK KNICKS,LOSS,1476,3,11,1,4,2,2,0,1,4,0,0,0,1,5.2
True,2005-02-22,9,6,MILWAUKEE BUCKS,AWAY,CHARLOTTE BOBCATS,WIN,1391,4,7,1,1,0,0,0,2,5,1,0,4,5,4.8
True,2005-02-23,11,10,MILWAUKEE BUCKS,HOME,NEW JERSEY NETS,WIN,1598,5,10,0,2,1,1,0,2,7,1,1,3,0,10.2
True,2005-02-27,19,-2,HOUSTON ROCKETS,HOME,UTAH JAZZ,LOSS,2025,7,15,3,8,2,2,0,2,3,3,0,4,4,11.4
True,2005-03-01,26,28,HOUSTON ROCKETS,AWAY,CHICAGO BULLS,WIN,2096,11,15,4,5,0,0,0,2,5,3,0,1,1,25.6
True,2005-03-02,24,7,HOUSTON ROCKETS,AWAY,WASHINGTON WIZARDS,LOSS,2318,10,22,4,7,0,0,0,5,7,0,0,2,5,15.0
True,2005-03-06,10,14,HOUSTON ROCKETS,HOME,DALLAS MAVERICKS,WIN,2014,3,12,0,3,4,6,2,4,7,0,0,0,3,8.3
True,2005-03-08,13,6,HOUSTON ROCKETS,AWAY,SEATTLE SUPERSONICS,WIN,1949,5,12,1,3,2,2,1,5,4,1,0,4,4,7.0
True,2005-03-11,14,21,HOUSTON ROCKETS,AWAY,PHOENIX SUNS,WIN,1566,4,9,2,3,4,4,1,1,4,0,1,1,4,11.2
True,2005-03-13,20,15,HOUSTON ROCKETS,AWAY,SACRAMENTO KINGS,WIN,1633,7,9,3,5,3,4,0,1,6,0,0,2,3,17.4
True,2005-03-14,7,-9,HOUSTON ROCKETS,AWAY,GOLDEN STATE WARRIORS,WIN,1420,3,10,1,5,0,0,0,2,2,0,0,0,3,2.0
True,2005-03-16,9,16,HOUSTON ROCKETS,HOME,PORTLAND TRAIL BLAZERS,WIN,1283,4,9,1,3,0,0,0,3,4,0,0,0,0,8.0
True,2005-03-18,2,-3,HOUSTON ROCKETS,HOME,BOSTON CELTICS,LOSS,1272,1,8,0,3,0,0,0,2,3,0,0,1,2,-2.3
True,2005-03-20,13,14,HOUSTON ROCKETS,AWAY,MINNESOTA TIMBERWOLVES,LOSS,1551,5,13,1,4,2,4,1,5,3,3,0,0,2,11.6
True,2005-03-22,8,-13,HOUSTON ROCKETS,HOME,MIAMI HEAT,WIN,1219,3,8,2,4,0,4,0,3,1,2,0,1,3,3.4
True,2005-03-24,15,19,HOUSTON ROCKETS,HOME,CLEVELAND CAVALIERS,WIN,1344,5,7,3,3,2,2,0,2,0,1,0,2,0,11.7
True,2005-03-25,6,-4,HOUSTON ROCKETS,AWAY,NEW ORLEANS HORNETS,WIN,1261,3,13,0,5,0,0,0,4,1,0,1,0,3,-0.5
True,2005-03-27,5,-11,HOUSTON ROCKETS,AWAY,SAN ANTONIO SPURS,LOSS,1060,2,7,1,2,0,0,0,1,0,0,0,1,0,0.2
True,2005-03-28,16,9,HOUSTON ROCKETS,AWAY,UTAH JAZZ,WIN,1570,4,10,0,2,8,10,3,4,5,1,0,0,1,17.2
True,2005-03-30,4,4,HOUSTON ROCKETS,AWAY,PORTLAND TRAIL BLAZERS,WIN,1316,2,8,0,4,0,0,0,2,2,1,0,2,3,-1.0
True,2005-04-01,8,-13,HOUSTON ROCKETS,HOME,NEW ORLEANS HORNETS,LOSS,1526,4,12,0,4,0,0,0,5,3,1,0,0,2,5.0
True,2005-04-03,7,-12,HOUSTON ROCKETS,HOME,PHOENIX SUNS,LOSS,1666,3,15,1,6,0,0,2,4,3,3,0,0,0,5.4
True,2005-04-05,13,3,HOUSTON ROCKETS,AWAY,GOLDEN STATE WARRIORS,LOSS,1497,5,10,1,4,2,2,1,1,1,0,0,0,4,8.1
True,2005-04-07,13,12,HOUSTON ROCKETS,AWAY,LOS ANGELES LAKERS,WIN,1508,5,10,2,4,1,1,0,2,3,3,0,2,4,10.1
True,2005-04-09,6,-5,HOUSTON ROCKETS,AWAY,PHOENIX SUNS,WIN,1198,2,9,0,4,2,2,0,3,1,1,0,0,2,2.3
True,2005-04-11,5,-5,HOUSTON ROCKETS,AWAY,SEATTLE SUPERSONICS,WIN,1306,1,5,0,1,3,4,0,4,1,0,0,0,2,2.6
True,2005-04-13,15,17,HOUSTON ROCKETS,HOME,MEMPHIS GRIZZLIES,WIN,1440,5,10,4,4,1,2,1,1,0,1,0,0,2,10.8
True,2005-04-16,23,32,HOUSTON ROCKETS,HOME,DENVER NUGGETS,WIN,1789,9,12,3,4,2,2,0,5,6,1,0,2,3,21.7
True,2005-04-18,11,19,HOUSTON ROCKETS,HOME,LOS ANGELES CLIPPERS,WIN,1419,3,8,1,2,4,4,0,0,1,0,0,0,0,7.3
True,2005-04-20,24,15,HOUSTON ROCKETS,HOME,SEATTLE SUPERSONICS,WIN,1312,10,13,4,5,0,0,0,1,2,0,0,1,0,19.6
