active,date,points_scored,plus_minus,team,location,opponent,outcome,seconds_played,made_field_goals,attempted_field_goals,made_three_point_field_goals,attempted_three_point_field_goals,made_free_throws,attempted_free_throws,offensive_rebounds,defensive_rebounds,assists,steals,blocks,turnovers,personal_fouls,game_score
True,2005-04-09,1,6,TORONTO RAPTORS,AWAY,CHICAGO BULLS,LOSS,154,0,0,0,0,1,2,0,0,0,0,0,0,0,0.6
True,2005-04-12,0,0,TORONTO RAPTORS,AWAY,NEW YORK KNICKS,WIN,35,0,0,0,0,0,0,0,0,0,0,0,0,0,0.0
True,2005-04-17,0,-4,TORONTO RAPTORS,HOME,BOSTON CELTICS,LOSS,926,0,4,0,2,0,0,0,0,3,1,0,0,2,-0.5
True,2005-04-19,3,11,TORONTO RAPTORS,AWAY,MILWAUKEE BUCKS,WIN,1440,1,6,0,1,1,2,1,3,10,3,0,4,4,4.8
True,2005-04-20,19,8,TORONTO RAPTORS,HOME,CLEVELAND CAVALIERS,LOSS,1845,9,14,0,1,1,2,1,2,9,2,1,2,0,20.7
