active,date,points_scored,plus_minus,team,location,opponent,outcome,seconds_played,made_field_goals,attempted_field_goals,made_three_point_field_goals,attempted_three_point_field_goals,made_free_throws,attempted_free_throws,offensive_rebounds,defensive_rebounds,assists,steals,blocks,turnovers,personal_fouls,game_score
True,2005-11-01,4,-13,DENVER NUGGETS,AWAY,SAN ANTONIO SPURS,LOSS,1907,2,6,0,0,0,0,3,8,3,2,2,3,5,5.6
True,2005-11-02,19,-5,DENVER NUGGETS,HOME,LOS ANGELES LAKERS,LOSS,2239,9,13,0,1,1,2,3,11,4,2,2,4,6,18.3
True,2005-11-04,23,19,DENVER NUGGETS,HOME,PORTLAND TRAIL BLAZERS,WIN,1934,11,14,0,0,1,2,6,11,1,1,6,1,1,29.2
True,2005-11-06,9,-25,DENVER NUGGETS,AWAY,LOS ANGELES LAKERS,LOSS,1760,4,9,0,1,1,2,3,4,2,2,1,2,4,7.7
True,2005-11-09,20,4,DENVER NUGGETS,HOME,SACRAMENTO KINGS,WIN,2263,8,13,0,0,4,6,2,9,0,1,6,1,3,20.4
True,2005-11-11,20,3,DENVER NUGGETS,AWAY,SACRAMENTO KINGS,LOSS,2104,9,20,0,0,2,3,4,13,1,1,2,0,2,18.2
True,2005-11-13,18,11,DENVER NUGGETS,HOME,MINNESOTA TIMBERWOLVES,WIN,2429,7,13,0,0,4,5,4,18,3,1,7,3,2,23.7
True,2005-11-15,11,1,DENVER NUGGETS,AWAY,DALLAS MAVERICKS,LOSS,2231,5,12,0,0,1,2,1,8,2,2,2,1,4,9.5
True,2005-11-16,15,13,DENVER NUGGETS,AWAY,NEW ORLEANS/OKLAHOMA CITY HORNETS,WIN,1860,5,10,0,0,5,8,2,13,1,3,3,5,4,13.3
True,2005-11-18,20,8,DENVER NUGGETS,HOME,NEW YORK KNICKS,WIN,2011,8,13,0,1,4,5,1,12,2,2,2,1,2,21.0
True,2005-11-20,21,23,DENVER NUGGETS,HOME,MEMPHIS GRIZZLIES,WIN,2046,9,14,0,0,3,3,7,14,1,1,4,0,5,26.4
True,2005-11-22,24,-4,DENVER NUGGETS,AWAY,WASHINGTON WIZARDS,WIN,2153,10,15,0,0,4,4,2,12,2,1,6,4,3,23.9
True,2005-11-23,15,-23,DENVER NUGGETS,AWAY,DETROIT PISTONS,LOSS,2122,7,15,0,0,1,2,4,6,1,1,0,1,2,11.4
True,2005-11-28,10,-1,DENVER NUGGETS,HOME,NEW JERSEY NETS,LOSS,2124,4,12,0,0,2,4,4,6,0,4,1,3,2,7.9
True,2005-11-30,16,-6,DENVER NUGGETS,HOME,NEW ORLEANS/OKLAHOMA CITY HORNETS,LOSS,2346,7,17,0,0,2,2,1,15,1,2,8,2,4,16.8
True,2005-12-02,33,14,DENVER NUGGETS,AWAY,PHOENIX SUNS,LOSS,2454,12,19,0,0,9,9,1,19,2,3,3,3,2,33.6
True,2005-12-03,9,-8,DENVER NUGGETS,HOME,MIAMI HEAT,WIN,2152,4,15,0,1,1,1,4,8,2,1,3,1,5,6.8
True,2005-12-06,24,5,DENVER NUGGETS,HOME,ATLANTA HAWKS,WIN,2228,10,13,0,0,4,4,2,10,2,0,5,4,4,22.6
True,2005-12-09,18,12,DENVER NUGGETS,AWAY,MIAMI HEAT,WIN,2156,6,15,0,0,6,6,4,8,0,0,2,1,2,14.7
True,2005-12-10,14,-7,DENVER NUGGETS,AWAY,ORLANDO MAGIC,LOSS,2045,5,13,0,0,4,6,2,10,0,0,0,2,4,6.9
True,2005-12-13,10,13,DENVER NUGGETS,AWAY,CHARLOTTE BOBCATS,WIN,1525,5,12,0,0,0,0,1,3,1,0,2,4,3,2.1
True,2005-12-21,23,-11,DENVER NUGGETS,HOME,WASHINGTON WIZARDS,LOSS,2287,10,21,0,1,3,7,1,10,0,6,4,1,3,21.0
True,2005-12-23,12,13,DENVER NUGGETS,HOME,HOUSTON ROCKETS,WIN,1579,4,12,0,0,4,6,3,13,2,1,4,1,4,13.0
True,2005-12-26,18,8,DENVER NUGGETS,AWAY,GOLDEN STATE WARRIORS,WIN,2087,6,12,1,1,5,6,1,14,0,1,3,1,3,17.4
True,2005-12-27,1,-5,DENVER NUGGETS,HOME,PHILADELPHIA 76ERS,LOSS,373,0,4,0,0,1,2,0,1,2,0,0,0,0,-0.5
True,2006-01-27,5,-8,DENVER NUGGETS,HOME,LOS ANGELES CLIPPERS,LOSS,1393,1,10,0,1,3,4,4,6,2,0,1,0,2,3.9
True,2006-01-28,7,-24,DENVER NUGGETS,AWAY,LOS ANGELES CLIPPERS,LOSS,1454,3,9,0,0,1,2,3,5,1,0,0,1,1,4.4
True,2006-01-31,12,-6,DENVER NUGGETS,AWAY,SACRAMENTO KINGS,LOSS,2173,5,13,0,0,2,4,2,11,2,4,3,1,5,13.3
True,2006-02-04,21,5,DENVER NUGGETS,HOME,PORTLAND TRAIL BLAZERS,WIN,2232,8,15,0,0,5,5,3,8,3,1,4,3,3,19.9
True,2006-02-06,5,-16,DENVER NUGGETS,AWAY,GOLDEN STATE WARRIORS,LOSS,1623,2,8,0,0,1,2,2,9,1,1,3,5,3,1.5
True,2006-02-08,6,-11,DENVER NUGGETS,HOME,CHICAGO BULLS,LOSS,2250,3,6,0,0,0,0,0,9,3,3,7,2,3,12.5
True,2006-02-12,12,8,DENVER NUGGETS,AWAY,SEATTLE SUPERSONICS,WIN,1586,5,10,0,0,2,2,1,3,0,2,2,0,4,10.4
True,2006-02-15,13,-13,DENVER NUGGETS,HOME,PHOENIX SUNS,LOSS,1834,6,10,0,0,1,1,0,7,1,1,1,2,3,9.7
True,2006-02-21,14,15,DENVER NUGGETS,HOME,CHARLOTTE BOBCATS,WIN,2195,4,10,0,0,6,9,2,10,4,1,5,3,1,15.7
True,2006-02-24,2,11,DENVER NUGGETS,AWAY,MINNESOTA TIMBERWOLVES,WIN,2559,1,5,0,1,0,0,1,8,2,1,3,1,3,4.3
True,2006-02-27,12,-11,DENVER NUGGETS,HOME,MILWAUKEE BUCKS,LOSS,1702,6,13,0,0,0,0,2,7,3,1,3,0,1,13.6
True,2006-03-01,12,13,DENVER NUGGETS,HOME,DETROIT PISTONS,WIN,2089,5,9,0,0,2,4,7,13,3,1,5,0,4,20.7
True,2006-03-03,10,-12,DENVER NUGGETS,AWAY,HOUSTON ROCKETS,LOSS,2041,5,11,0,0,0,0,5,10,1,3,4,3,0,14.3
True,2006-03-04,16,14,DENVER NUGGETS,HOME,ORLANDO MAGIC,WIN,1823,7,10,0,0,2,2,1,8,4,1,5,1,4,19.6
True,2006-03-06,13,15,DENVER NUGGETS,HOME,MEMPHIS GRIZZLIES,WIN,1932,6,9,0,0,1,1,0,8,2,0,5,1,3,14.2
True,2006-03-09,13,4,DENVER NUGGETS,AWAY,PHILADELPHIA 76ERS,WIN,2057,6,17,0,0,1,1,2,12,2,3,5,3,2,12.6
True,2006-03-12,6,-1,DENVER NUGGETS,AWAY,BOSTON CELTICS,LOSS,1977,3,7,0,1,0,0,1,7,1,2,5,1,2,9.5
True,2006-03-13,10,7,DENVER NUGGETS,AWAY,NEW YORK KNICKS,WIN,2049,5,12,0,0,0,0,4,14,2,1,5,1,5,13.5
True,2006-03-15,10,7,DENVER NUGGETS,AWAY,INDIANA PACERS,WIN,2147,5,9,0,0,0,0,2,11,3,0,7,0,2,16.6
True,2006-03-17,5,-10,DENVER NUGGETS,AWAY,MEMPHIS GRIZZLIES,LOSS,1072,2,7,0,0,1,2,0,3,3,0,0,1,2,1.7
True,2006-03-22,9,3,DENVER NUGGETS,HOME,SAN ANTONIO SPURS,WIN,2113,3,10,0,0,3,6,4,17,3,1,2,2,3,11.2
True,2006-03-24,8,17,DENVER NUGGETS,HOME,SEATTLE SUPERSONICS,WIN,2143,4,11,0,0,0,0,0,13,5,2,5,1,1,13.4
True,2006-03-25,7,4,DENVER NUGGETS,AWAY,PHOENIX SUNS,LOSS,2056,3,7,0,0,1,2,1,14,1,2,3,2,2,9.8
True,2006-03-31,4,7,DENVER NUGGETS,HOME,MINNESOTA TIMBERWOLVES,WIN,2116,2,8,0,0,0,0,4,7,4,2,3,0,1,10.6
True,2006-04-02,4,-24,DENVER NUGGETS,AWAY,DALLAS MAVERICKS,LOSS,1684,2,6,0,0,0,0,0,4,1,2,2,1,3,3.7
True,2006-04-04,19,4,DENVER NUGGETS,AWAY,LOS ANGELES CLIPPERS,LOSS,2121,9,13,0,0,1,4,0,6,4,2,0,1,2,17.1
True,2006-04-06,10,11,DENVER NUGGETS,HOME,LOS ANGELES LAKERS,WIN,2399,4,11,0,0,2,2,2,9,6,1,2,2,5,10.6
True,2006-04-08,5,-3,DENVER NUGGETS,HOME,GOLDEN STATE WARRIORS,WIN,2214,2,10,0,0,1,2,3,14,4,0,8,2,2,10.3
True,2006-04-10,21,16,DENVER NUGGETS,AWAY,PORTLAND TRAIL BLAZERS,WIN,1961,9,14,0,1,3,4,5,8,4,2,4,1,1,26.5
True,2006-04-15,10,-20,DENVER NUGGETS,HOME,SACRAMENTO KINGS,LOSS,2017,5,13,0,0,0,0,3,14,3,1,2,1,3,11.5
True,2006-04-17,8,-7,DENVER NUGGETS,HOME,HOUSTON ROCKETS,LOSS,1996,4,14,0,1,0,0,2,5,2,0,2,1,3,3.3
