active,date,points_scored,plus_minus,team,location,opponent,outcome,seconds_played,made_field_goals,attempted_field_goals,made_three_point_field_goals,attempted_three_point_field_goals,made_free_throws,attempted_free_throws,offensive_rebounds,defensive_rebounds,assists,steals,blocks,turnovers,personal_fouls,game_score
True,2007-01-31,0,1,MEMPHIS GRIZZLIES,HOME,DALLAS MAVERICKS,LOSS,129,0,0,0,0,0,0,0,0,0,0,0,0,0,0.0
True,2007-02-06,0,-5,MEMPHIS GRIZZLIES,HOME,HOUSTON ROCKETS,LOSS,198,0,0,0,0,0,0,0,1,0,0,0,0,0,0.3
True,2007-02-07,0,-5,MEMPHIS GRIZZLIES,AWAY,DALLAS MAVERICKS,LOSS,670,0,0,0,0,0,0,1,0,1,0,0,0,1,1.0
True,2007-03-01,0,-8,LOS ANGELES CLIPPERS,AWAY,SEATTLE SUPERSONICS,LOSS,837,0,2,0,0,0,0,1,1,2,0,0,1,2,-0.8
True,2007-03-03,0,7,LOS ANGELES CLIPPERS,HOME,INDIANA PACERS,WIN,999,0,0,0,0,0,2,0,2,6,0,0,1,3,1.8
True,2007-04-09,0,-2,LOS ANGELES CLIPPERS,AWAY,DALLAS MAVERICKS,LOSS,16,0,0,0,0,0,0,0,0,0,0,0,0,1,-0.4
True,2007-04-18,0,1,LOS ANGELES CLIPPERS,HOME,NEW ORLEANS/OKLAHOMA CITY HORNETS,LOSS,234,0,1,0,0,0,2,1,0,0,0,0,0,0,-0.8
