active,date,points_scored,plus_minus,team,location,opponent,outcome,seconds_played,made_field_goals,attempted_field_goals,made_three_point_field_goals,attempted_three_point_field_goals,made_free_throws,attempted_free_throws,offensive_rebounds,defensive_rebounds,assists,steals,blocks,turnovers,personal_fouls,game_score
True,2007-11-02,2,0,DETROIT PISTONS,AWAY,ORLANDO MAGIC,WIN,295,1,2,0,0,0,0,2,2,0,0,1,1,1,2.3
True,2007-11-09,1,-3,DETROIT PISTONS,HOME,LOS ANGELES CLIPPERS,WIN,720,0,2,0,0,1,2,2,1,2,0,1,0,1,2.6
True,2007-11-11,3,-9,DETROIT PISTONS,AWAY,SEATTLE SUPERSONICS,WIN,304,1,2,0,0,1,2,1,0,0,0,0,0,1,1.9
True,2007-11-14,3,8,DETROIT PISTONS,AWAY,GOLDEN STATE WARRIORS,WIN,641,1,2,0,0,1,2,1,3,2,0,1,1,2,3.5
True,2007-11-16,1,9,DETROIT PISTONS,AWAY,LOS ANGELES LAKERS,LOSS,1106,0,1,0,0,1,2,1,6,2,1,4,0,4,6.0
True,2007-11-18,0,6,DETROIT PISTONS,AWAY,SACRAMENTO KINGS,LOSS,905,0,0,0,0,0,0,1,2,0,0,0,2,3,-1.9
True,2007-11-21,2,-9,DETROIT PISTONS,HOME,NEW YORK KNICKS,WIN,308,1,2,0,0,0,0,1,0,0,0,0,0,2,0.9
True,2007-11-23,2,1,DETROIT PISTONS,HOME,PHILADELPHIA 76ERS,WIN,337,1,1,0,0,0,0,0,1,0,0,1,0,0,2.7
True,2007-11-28,7,11,DETROIT PISTONS,HOME,CLEVELAND CAVALIERS,WIN,575,3,5,0,0,1,1,0,1,0,0,2,0,0,6.4
True,2007-12-01,5,4,DETROIT PISTONS,AWAY,MILWAUKEE BUCKS,WIN,382,1,2,0,0,3,3,1,1,0,0,1,0,2,4.9
True,2007-12-02,2,-1,DETROIT PISTONS,HOME,NEW JERSEY NETS,WIN,595,1,2,0,0,0,0,1,1,1,0,0,1,5,-0.3
True,2007-12-04,0,-14,DETROIT PISTONS,AWAY,ATLANTA HAWKS,WIN,481,0,0,0,0,0,0,0,1,1,0,5,0,1,4.1
True,2007-12-09,2,-2,DETROIT PISTONS,HOME,CHARLOTTE BOBCATS,WIN,427,1,2,0,0,0,0,1,0,0,0,0,1,1,0.3
True,2007-12-14,2,-2,DETROIT PISTONS,HOME,ATLANTA HAWKS,WIN,67,1,1,0,0,0,0,0,0,0,0,0,0,1,1.3
True,2007-12-16,6,2,DETROIT PISTONS,HOME,GOLDEN STATE WARRIORS,WIN,876,3,4,0,0,0,0,1,6,0,1,3,1,2,8.2
True,2007-12-21,2,4,DETROIT PISTONS,HOME,MEMPHIS GRIZZLIES,WIN,771,1,3,0,0,0,0,1,4,0,0,1,1,3,0.7
True,2007-12-23,0,-7,DETROIT PISTONS,HOME,HOUSTON ROCKETS,WIN,334,0,2,0,0,0,0,0,1,1,0,1,0,2,-0.5
True,2007-12-26,0,0,DETROIT PISTONS,AWAY,NEW JERSEY NETS,WIN,104,0,0,0,0,0,0,0,0,0,0,0,0,0,0.0
True,2007-12-28,4,-10,DETROIT PISTONS,HOME,INDIANA PACERS,WIN,720,2,6,0,0,0,0,6,3,0,0,1,1,3,4.2
True,2007-12-31,6,10,DETROIT PISTONS,HOME,MILWAUKEE BUCKS,WIN,495,2,4,0,0,2,2,1,3,0,2,0,0,0,7.6
True,2008-01-02,2,-3,DETROIT PISTONS,AWAY,WASHINGTON WIZARDS,WIN,160,1,1,0,0,0,0,0,1,0,0,0,1,0,1.0
True,2008-01-09,2,5,DETROIT PISTONS,AWAY,DALLAS MAVERICKS,LOSS,209,1,1,0,0,0,0,1,0,1,0,0,0,0,3.1
True,2008-01-13,8,5,DETROIT PISTONS,AWAY,NEW YORK KNICKS,LOSS,720,3,3,0,0,2,2,0,2,0,1,0,3,2,4.9
True,2008-01-15,0,-2,DETROIT PISTONS,HOME,TORONTO RAPTORS,WIN,135,0,2,0,0,0,0,0,0,0,0,0,0,1,-1.8
True,2008-01-23,5,12,DETROIT PISTONS,AWAY,PHILADELPHIA 76ERS,WIN,880,2,5,0,0,1,2,4,1,0,0,2,0,2,5.6
True,2008-01-25,2,3,DETROIT PISTONS,HOME,ORLANDO MAGIC,WIN,516,1,2,0,0,0,0,3,1,0,0,3,1,3,3.3
True,2008-01-29,6,8,DETROIT PISTONS,AWAY,INDIANA PACERS,WIN,830,3,4,0,0,0,0,3,3,2,0,1,1,3,7.3
True,2008-01-31,4,6,DETROIT PISTONS,HOME,LOS ANGELES LAKERS,WIN,774,2,4,0,0,0,0,2,7,0,1,1,2,3,4.0
True,2008-02-03,0,8,DETROIT PISTONS,HOME,DALLAS MAVERICKS,WIN,393,0,0,0,0,0,0,0,2,0,0,1,1,3,-0.9
True,2008-02-06,2,-6,DETROIT PISTONS,HOME,MIAMI HEAT,WIN,153,1,1,0,0,0,0,0,1,0,0,0,0,0,2.0
True,2008-02-08,10,8,DETROIT PISTONS,HOME,PORTLAND TRAIL BLAZERS,WIN,1535,4,5,0,0,2,4,4,2,2,0,3,3,4,9.6
True,2008-02-10,6,14,DETROIT PISTONS,HOME,CHARLOTTE BOBCATS,WIN,903,3,4,0,0,0,0,2,2,2,1,0,2,5,4.8
True,2008-02-12,6,-6,DETROIT PISTONS,AWAY,ATLANTA HAWKS,WIN,406,3,4,0,0,0,0,3,1,1,0,0,0,1,7.1
True,2008-02-13,8,7,DETROIT PISTONS,HOME,INDIANA PACERS,WIN,1837,3,8,0,0,2,4,2,7,1,1,7,2,4,9.3
True,2008-02-19,4,4,DETROIT PISTONS,HOME,ORLANDO MAGIC,LOSS,833,2,4,0,0,0,0,2,0,0,1,2,0,3,4.6
True,2008-02-20,3,13,DETROIT PISTONS,AWAY,MILWAUKEE BUCKS,LOSS,861,1,3,0,0,1,2,1,5,0,0,0,0,0,3.1
True,2008-02-22,13,17,DETROIT PISTONS,HOME,MILWAUKEE BUCKS,WIN,1358,6,7,0,0,1,1,2,4,3,2,2,0,3,17.4
True,2008-02-24,5,14,DETROIT PISTONS,AWAY,PHOENIX SUNS,WIN,1117,2,3,0,0,1,4,3,2,3,0,2,1,5,5.7
True,2008-02-25,2,-3,DETROIT PISTONS,AWAY,DENVER NUGGETS,WIN,484,1,1,0,0,0,0,1,1,0,0,0,0,3,1.5
True,2008-03-01,4,25,DETROIT PISTONS,AWAY,LOS ANGELES CLIPPERS,WIN,1377,2,4,0,0,0,0,1,6,0,0,2,1,1,4.5
True,2008-03-04,5,16,DETROIT PISTONS,HOME,SEATTLE SUPERSONICS,WIN,1240,1,3,0,0,3,4,5,3,0,2,2,2,4,7.1
True,2008-03-05,0,-4,DETROIT PISTONS,AWAY,BOSTON CELTICS,LOSS,646,0,1,0,0,0,0,1,1,0,0,2,0,2,0.9
True,2008-03-07,6,-1,DETROIT PISTONS,AWAY,NEW YORK KNICKS,WIN,1277,2,2,0,0,2,5,0,5,0,0,3,2,3,4.6
True,2008-03-09,4,-11,DETROIT PISTONS,HOME,CHICAGO BULLS,WIN,770,2,2,0,0,0,0,0,0,0,1,2,0,5,3.8
True,2008-03-12,0,-2,DETROIT PISTONS,HOME,PHILADELPHIA 76ERS,LOSS,282,0,0,0,0,0,0,0,2,0,0,1,0,2,0.5
True,2008-03-16,0,4,DETROIT PISTONS,HOME,NEW ORLEANS HORNETS,WIN,220,0,1,0,0,0,0,0,1,0,0,0,0,1,-0.8
True,2008-03-18,4,4,DETROIT PISTONS,HOME,DENVER NUGGETS,WIN,538,1,1,0,0,2,2,3,2,0,0,0,0,2,5.6
True,2008-03-19,0,-3,DETROIT PISTONS,AWAY,CLEVELAND CAVALIERS,LOSS,268,0,0,0,0,0,0,0,0,0,0,0,0,1,-0.4
True,2008-03-23,2,-4,DETROIT PISTONS,AWAY,WASHINGTON WIZARDS,LOSS,379,1,2,0,0,0,0,0,0,0,1,0,0,2,1.2
True,2008-03-24,2,-1,DETROIT PISTONS,HOME,PHOENIX SUNS,WIN,677,1,2,0,0,0,0,2,1,0,0,0,1,1,1.3
True,2008-03-26,2,7,DETROIT PISTONS,AWAY,TORONTO RAPTORS,LOSS,1164,1,4,0,0,0,0,1,6,1,1,2,0,2,4.4
True,2008-03-27,2,3,DETROIT PISTONS,HOME,MIAMI HEAT,WIN,1011,1,4,0,0,0,0,0,3,0,1,2,1,2,1.1
True,2008-03-29,0,-7,DETROIT PISTONS,HOME,CLEVELAND CAVALIERS,WIN,415,0,0,0,0,0,0,1,2,0,0,2,1,1,1.3
True,2008-04-01,5,14,DETROIT PISTONS,AWAY,MINNESOTA TIMBERWOLVES,WIN,1778,2,3,0,0,1,1,3,6,0,1,2,0,2,9.2
True,2008-04-04,7,8,DETROIT PISTONS,HOME,NEW JERSEY NETS,WIN,1254,3,4,0,0,1,2,3,4,0,2,0,2,6,5.9
True,2008-04-06,2,15,DETROIT PISTONS,AWAY,MIAMI HEAT,WIN,1650,1,3,0,0,0,0,3,4,1,0,4,0,4,5.5
True,2008-04-08,14,7,DETROIT PISTONS,HOME,NEW YORK KNICKS,LOSS,1483,5,6,0,0,4,4,5,4,1,2,2,0,5,18.6
True,2008-04-09,6,1,DETROIT PISTONS,AWAY,PHILADELPHIA 76ERS,LOSS,973,2,5,0,0,2,2,2,5,1,0,0,0,4,5.3
True,2008-04-11,8,-4,DETROIT PISTONS,HOME,WASHINGTON WIZARDS,WIN,1013,4,6,0,0,0,0,1,3,0,1,4,2,4,7.2
True,2008-04-13,0,2,DETROIT PISTONS,HOME,TORONTO RAPTORS,WIN,908,0,2,0,0,0,0,1,3,1,0,1,0,1,1.2
True,2008-04-15,6,-1,DETROIT PISTONS,HOME,MINNESOTA TIMBERWOLVES,WIN,668,2,2,0,0,2,2,0,2,0,1,1,1,2,5.9
True,2008-04-16,4,9,DETROIT PISTONS,AWAY,CLEVELAND CAVALIERS,WIN,1299,2,3,0,0,0,0,1,7,0,0,4,0,5,6.3
