active,date,points_scored,plus_minus,team,location,opponent,outcome,seconds_played,made_field_goals,attempted_field_goals,made_three_point_field_goals,attempted_three_point_field_goals,made_free_throws,attempted_free_throws,offensive_rebounds,defensive_rebounds,assists,steals,blocks,turnovers,personal_fouls,game_score
True,2007-11-30,6,10,UTAH JAZZ,HOME,LOS ANGELES LAKERS,WIN,1022,3,5,0,0,0,0,4,3,1,0,0,2,4,4.5
True,2007-12-14,0,1,UTAH JAZZ,AWAY,PORTLAND TRAIL BLAZERS,LOSS,270,0,1,0,0,0,0,2,1,0,0,0,0,0,1.0
True,2007-12-15,2,10,UTAH JAZZ,HOME,SEATTLE SUPERSONICS,WIN,631,1,1,0,0,0,0,0,2,1,0,0,1,2,1.2
True,2007-12-17,0,-6,UTAH JAZZ,AWAY,ATLANTA HAWKS,LOSS,494,0,3,0,0,0,0,3,0,0,0,1,2,3,-2.5
True,2007-12-19,0,0,UTAH JAZZ,AWAY,CHARLOTTE BOBCATS,LOSS,260,0,0,0,0,0,0,0,0,0,0,0,0,2,-0.8
True,2007-12-21,0,-4,UTAH JAZZ,AWAY,ORLANDO MAGIC,WIN,822,0,3,0,0,0,0,2,3,0,0,2,2,5,-2.4
True,2007-12-22,2,-7,UTAH JAZZ,AWAY,MIAMI HEAT,LOSS,313,1,1,0,0,0,0,1,2,0,0,0,1,1,1.6
True,2008-03-30,0,-4,UTAH JAZZ,AWAY,MINNESOTA TIMBERWOLVES,LOSS,37,0,0,0,0,0,2,0,0,0,0,0,0,1,-1.2
True,2008-03-31,4,-1,UTAH JAZZ,HOME,WASHINGTON WIZARDS,WIN,358,1,2,0,0,2,2,2,0,0,0,0,0,1,4.0
