active,date,points_scored,plus_minus,team,location,opponent,outcome,seconds_played,made_field_goals,attempted_field_goals,made_three_point_field_goals,attempted_three_point_field_goals,made_free_throws,attempted_free_throws,offensive_rebounds,defensive_rebounds,assists,steals,blocks,turnovers,personal_fouls,game_score
True,2007-11-04,2,-3,SEATTLE SUPERSONICS,AWAY,LOS ANGELES CLIPPERS,LOSS,931,1,2,0,0,0,0,1,1,1,2,1,2,0,3.4
True,2007-11-06,2,2,SEATTLE SUPERSONICS,AWAY,SACRAMENTO KINGS,LOSS,1093,1,1,0,0,0,0,1,4,0,2,2,4,2,2.2
True,2007-11-07,4,-8,SEATTLE SUPERSONICS,HOME,MEMPHIS GRIZZLIES,LOSS,1005,1,3,0,0,2,2,3,2,0,1,2,2,5,3.4
True,2007-11-09,0,-5,SEATTLE SUPERSONICS,HOME,UTAH JAZZ,LOSS,1068,0,2,0,0,0,0,0,1,0,0,0,1,4,-3.7
True,2007-11-11,0,-19,SEATTLE SUPERSONICS,HOME,DETROIT PISTONS,LOSS,729,0,4,0,0,0,0,1,1,0,0,0,0,2,-2.6
True,2008-02-04,4,-1,SEATTLE SUPERSONICS,HOME,CHICAGO BULLS,LOSS,340,2,2,0,0,0,0,0,1,0,0,1,0,1,4.0
True,2008-02-19,2,-9,SEATTLE SUPERSONICS,HOME,MEMPHIS GRIZZLIES,WIN,455,1,2,0,0,0,0,0,0,0,0,0,0,1,0.6
True,2008-02-21,0,1,SEATTLE SUPERSONICS,AWAY,PORTLAND TRAIL BLAZERS,LOSS,241,0,1,0,0,0,0,0,2,0,0,0,1,1,-1.5
