active,date,points_scored,plus_minus,team,location,opponent,outcome,seconds_played,made_field_goals,attempted_field_goals,made_three_point_field_goals,attempted_three_point_field_goals,made_free_throws,attempted_free_throws,offensive_rebounds,defensive_rebounds,assists,steals,blocks,turnovers,personal_fouls,game_score
True,2011-12-26,15,2,SAN ANTONIO SPURS,HOME,MEMPHIS GRIZZLIES,WIN,1989,6,16,0,1,3,4,2,2,7,4,0,2,3,13.5
True,2011-12-28,14,21,SAN ANTONIO SPURS,HOME,LOS ANGELES CLIPPERS,WIN,1588,6,9,0,0,2,2,0,3,9,0,0,1,2,15.5
True,2011-12-29,12,-19,SAN ANTONIO SPURS,AWAY,HOUSTON ROCKETS,LOSS,1625,6,15,0,1,0,1,0,1,2,0,0,1,0,4.2
True,2011-12-31,14,18,SAN ANTONIO SPURS,HOME,UTAH JAZZ,WIN,1695,3,10,0,0,8,8,0,2,8,0,0,2,1,12.0
True,2012-01-02,11,-3,SAN ANTONIO SPURS,AWAY,MINNESOTA TIMBERWOLVES,LOSS,1840,3,11,0,0,5,6,0,2,9,2,0,0,0,13.0
True,2012-01-04,21,0,SAN ANTONIO SPURS,HOME,GOLDEN STATE WARRIORS,WIN,2058,7,16,0,0,7,9,0,2,8,0,0,3,1,14.6
True,2012-01-05,11,22,SAN ANTONIO SPURS,HOME,DALLAS MAVERICKS,WIN,1741,5,12,0,0,1,3,0,3,8,0,0,0,1,9.9
True,2012-01-07,19,-5,SAN ANTONIO SPURS,HOME,DENVER NUGGETS,WIN,1931,8,16,0,1,3,5,2,0,6,1,0,4,3,11.6
True,2012-01-08,4,-3,SAN ANTONIO SPURS,AWAY,OKLAHOMA CITY THUNDER,LOSS,1487,1,8,0,0,2,2,1,2,7,1,0,0,2,5.2
True,2012-01-10,22,-3,SAN ANTONIO SPURS,AWAY,MILWAUKEE BUCKS,LOSS,2156,10,18,0,1,2,4,0,2,8,0,0,7,2,11.0
True,2012-01-11,28,13,SAN ANTONIO SPURS,HOME,HOUSTON ROCKETS,WIN,2718,12,22,0,0,4,4,0,5,8,1,0,2,0,23.5
True,2012-01-13,20,12,SAN ANTONIO SPURS,HOME,PORTLAND TRAIL BLAZERS,WIN,2033,8,16,0,1,4,4,0,4,9,2,0,4,1,17.1
True,2012-01-15,17,11,SAN ANTONIO SPURS,HOME,PHOENIX SUNS,WIN,2105,8,20,0,1,1,3,2,2,9,1,1,2,3,12.2
True,2012-01-17,18,-2,SAN ANTONIO SPURS,AWAY,MIAMI HEAT,LOSS,1518,7,12,0,1,4,4,0,2,3,3,0,2,0,16.1
True,2012-01-18,25,1,SAN ANTONIO SPURS,AWAY,ORLANDO MAGIC,WIN,2631,12,23,0,0,1,1,0,7,9,1,0,5,1,17.7
True,2012-01-20,24,0,SAN ANTONIO SPURS,HOME,SACRAMENTO KINGS,LOSS,2351,8,18,1,2,7,8,0,2,6,2,0,3,1,17.6
True,2012-01-21,24,-4,SAN ANTONIO SPURS,AWAY,HOUSTON ROCKETS,LOSS,2040,10,23,0,2,4,5,1,3,13,1,0,4,0,19.2
True,2012-01-23,20,-3,SAN ANTONIO SPURS,AWAY,NEW ORLEANS HORNETS,WIN,2272,8,14,0,1,4,5,0,2,17,0,0,4,0,21.5
True,2012-01-25,15,7,SAN ANTONIO SPURS,HOME,ATLANTA HAWKS,WIN,1772,5,13,2,4,3,5,0,2,7,1,0,3,2,9.8
True,2012-01-27,20,1,SAN ANTONIO SPURS,AWAY,MINNESOTA TIMBERWOLVES,LOSS,2205,9,19,1,2,1,1,0,3,3,0,0,3,2,9.5
True,2012-01-29,9,-10,SAN ANTONIO SPURS,AWAY,DALLAS MAVERICKS,LOSS,1653,2,11,1,2,4,6,1,0,4,0,0,2,1,2.4
True,2012-01-30,5,12,SAN ANTONIO SPURS,AWAY,MEMPHIS GRIZZLIES,WIN,2362,2,9,0,0,1,1,1,4,12,2,0,2,2,9.0
True,2012-02-01,24,3,SAN ANTONIO SPURS,HOME,HOUSTON ROCKETS,WIN,2301,8,16,1,2,7,8,0,0,4,2,0,2,4,16.8
True,2012-02-02,18,10,SAN ANTONIO SPURS,HOME,NEW ORLEANS HORNETS,WIN,2079,8,15,0,1,2,3,1,4,7,0,0,4,1,12.7
True,2012-02-04,42,20,SAN ANTONIO SPURS,HOME,OKLAHOMA CITY THUNDER,WIN,2364,16,29,0,2,10,12,0,3,9,2,1,0,2,36.4
True,2012-02-06,21,4,SAN ANTONIO SPURS,AWAY,MEMPHIS GRIZZLIES,WIN,2194,8,18,0,0,5,9,0,1,7,3,0,3,0,15.2
True,2012-02-08,37,5,SAN ANTONIO SPURS,AWAY,PHILADELPHIA 76ERS,WIN,2294,12,24,0,0,13,13,1,2,8,1,1,3,0,30.6
True,2012-02-11,12,15,SAN ANTONIO SPURS,AWAY,NEW JERSEY NETS,WIN,1531,4,11,0,2,4,4,0,2,5,1,0,1,1,9.6
True,2012-02-14,14,5,SAN ANTONIO SPURS,AWAY,DETROIT PISTONS,WIN,1996,5,13,0,0,4,7,0,3,7,0,0,2,1,9.1
True,2012-02-15,34,12,SAN ANTONIO SPURS,AWAY,TORONTO RAPTORS,WIN,2359,11,23,0,1,12,12,0,3,14,1,0,5,2,28.2
True,2012-02-18,30,15,SAN ANTONIO SPURS,AWAY,LOS ANGELES CLIPPERS,WIN,2687,11,22,0,2,8,11,1,2,10,0,0,2,1,23.7
True,2012-02-20,23,4,SAN ANTONIO SPURS,AWAY,UTAH JAZZ,WIN,2255,7,16,0,0,9,10,0,6,11,3,0,3,1,23.3
True,2012-02-23,16,12,SAN ANTONIO SPURS,AWAY,DENVER NUGGETS,WIN,2127,5,11,2,3,4,4,0,1,12,1,0,4,2,15.2
True,2012-02-29,11,3,SAN ANTONIO SPURS,HOME,CHICAGO BULLS,LOSS,2269,5,16,0,0,1,2,2,4,9,0,0,3,3,6.1
True,2012-03-02,15,11,SAN ANTONIO SPURS,HOME,CHARLOTTE BOBCATS,WIN,1745,7,11,0,0,1,2,0,3,4,3,0,5,1,11.0
True,2012-03-04,25,-3,SAN ANTONIO SPURS,HOME,DENVER NUGGETS,LOSS,2212,10,16,1,1,4,7,0,3,7,2,0,3,1,21.0
True,2012-03-07,32,16,SAN ANTONIO SPURS,HOME,NEW YORK KNICKS,WIN,2028,12,19,0,0,8,9,0,0,6,0,0,4,2,22.5
True,2012-03-12,31,13,SAN ANTONIO SPURS,HOME,WASHINGTON WIZARDS,WIN,2039,13,18,1,2,4,4,0,3,7,1,1,6,2,24.3
True,2012-03-14,31,5,SAN ANTONIO SPURS,HOME,ORLANDO MAGIC,WIN,2235,12,21,2,4,5,5,0,2,12,0,0,3,1,26.7
True,2012-03-16,25,5,SAN ANTONIO SPURS,AWAY,OKLAHOMA CITY THUNDER,WIN,2294,10,22,0,2,5,6,1,3,7,0,0,4,3,14.5
True,2012-03-17,13,-4,SAN ANTONIO SPURS,AWAY,DALLAS MAVERICKS,LOSS,2091,5,12,0,1,3,7,0,2,11,0,0,1,0,12.3
True,2012-03-21,2,8,SAN ANTONIO SPURS,HOME,MINNESOTA TIMBERWOLVES,WIN,629,1,4,0,0,0,0,0,0,6,0,0,0,0,3.8
True,2012-03-24,12,-2,SAN ANTONIO SPURS,AWAY,NEW ORLEANS HORNETS,WIN,2310,6,16,0,3,0,0,0,2,10,1,0,0,1,11.4
True,2012-03-25,21,21,SAN ANTONIO SPURS,HOME,PHILADELPHIA 76ERS,WIN,1925,9,17,0,2,3,3,0,1,7,0,0,5,3,11.7
True,2012-03-27,24,5,SAN ANTONIO SPURS,AWAY,PHOENIX SUNS,WIN,2084,9,17,1,3,5,6,0,4,7,0,0,2,1,19.0
True,2012-03-28,10,14,SAN ANTONIO SPURS,AWAY,SACRAMENTO KINGS,WIN,1881,4,11,1,1,1,2,0,7,10,2,0,3,1,11.2
True,2012-03-31,18,5,SAN ANTONIO SPURS,HOME,INDIANA PACERS,WIN,2102,7,12,0,1,4,6,1,3,5,2,0,1,2,16.9
True,2012-04-03,19,16,SAN ANTONIO SPURS,AWAY,CLEVELAND CAVALIERS,WIN,1360,9,12,0,1,1,1,1,2,5,1,0,1,0,19.0
True,2012-04-04,10,-6,SAN ANTONIO SPURS,AWAY,BOSTON CELTICS,WIN,1911,5,14,0,2,0,0,0,1,2,1,0,2,1,2.5
True,2012-04-06,7,-1,SAN ANTONIO SPURS,HOME,NEW ORLEANS HORNETS,WIN,989,3,6,0,0,1,2,0,1,6,0,0,1,1,6.7
True,2012-04-08,28,12,SAN ANTONIO SPURS,HOME,UTAH JAZZ,WIN,1889,9,15,0,0,10,10,0,3,3,2,0,3,1,22.7
True,2012-04-11,4,-16,SAN ANTONIO SPURS,HOME,LOS ANGELES LAKERS,LOSS,1596,2,12,0,0,0,0,1,1,8,1,0,0,0,4.0
True,2012-04-12,13,10,SAN ANTONIO SPURS,HOME,MEMPHIS GRIZZLIES,WIN,2111,5,12,0,0,3,5,0,1,9,2,0,7,1,7.0
True,2012-04-14,14,27,SAN ANTONIO SPURS,HOME,PHOENIX SUNS,WIN,1260,6,10,0,0,2,2,0,4,5,0,0,0,0,14.1
True,2012-04-16,8,18,SAN ANTONIO SPURS,AWAY,GOLDEN STATE WARRIORS,WIN,872,2,7,0,0,4,4,1,1,5,0,0,1,2,6.6
True,2012-04-17,29,17,SAN ANTONIO SPURS,AWAY,LOS ANGELES LAKERS,WIN,1833,14,20,0,1,1,1,0,3,13,1,0,7,1,24.2
True,2012-04-18,15,14,SAN ANTONIO SPURS,AWAY,SACRAMENTO KINGS,WIN,1487,4,11,0,1,7,9,2,3,8,0,0,0,1,15.6
True,2012-04-20,20,24,SAN ANTONIO SPURS,HOME,LOS ANGELES LAKERS,WIN,1666,8,14,0,1,4,5,0,1,10,2,0,4,1,17.9
True,2012-04-22,6,11,SAN ANTONIO SPURS,HOME,CLEVELAND CAVALIERS,WIN,1272,3,5,0,1,0,0,0,2,9,0,1,1,2,9.5
True,2012-04-23,13,25,SAN ANTONIO SPURS,HOME,PORTLAND TRAIL BLAZERS,WIN,1343,6,11,0,1,1,2,0,7,6,0,0,1,0,12.6
