active,date,points_scored,plus_minus,team,location,opponent,outcome,seconds_played,made_field_goals,attempted_field_goals,made_three_point_field_goals,attempted_three_point_field_goals,made_free_throws,attempted_free_throws,offensive_rebounds,defensive_rebounds,assists,steals,blocks,turnovers,personal_fouls,game_score
True,2014-03-08,0,-1,CHARLOTTE BOBCATS,AWAY,MEMPHIS GRIZZLIES,LOSS,224,0,0,0,0,0,0,0,0,0,1,0,1,0,0.0
True,2014-03-28,0,0,MIAMI HEAT,AWAY,DETROIT PISTONS,WIN,284,0,1,0,1,0,0,1,0,0,1,0,1,0,0.0
True,2014-03-29,6,0,MIAMI HEAT,AWAY,MILWAUKEE BUCKS,WIN,189,2,4,1,2,1,1,0,1,0,0,0,0,1,3.9
True,2014-04-02,2,-8,MIAMI HEAT,HOME,MILWAUKEE BUCKS,WIN,331,1,2,0,1,0,0,0,0,0,0,0,0,0,1.0
True,2014-04-09,5,-8,MIAMI HEAT,AWAY,MEMPHIS GRIZZLIES,LOSS,761,2,2,1,1,0,0,0,0,0,1,0,0,3,4.2
True,2014-04-11,0,-3,MIAMI HEAT,HOME,INDIANA PACERS,WIN,33,0,0,0,0,0,0,0,0,0,0,0,0,0,0.0
True,2014-04-14,6,-4,MIAMI HEAT,AWAY,WASHINGTON WIZARDS,LOSS,1425,2,5,0,2,2,2,1,1,0,0,0,0,1,3.9
True,2014-04-16,7,1,MIAMI HEAT,HOME,PHILADELPHIA 76ERS,LOSS,1082,2,6,1,2,2,2,2,1,0,2,0,2,3,4.1
