active,date,points_scored,plus_minus,team,location,opponent,outcome,seconds_played,made_field_goals,attempted_field_goals,made_three_point_field_goals,attempted_three_point_field_goals,made_free_throws,attempted_free_throws,offensive_rebounds,defensive_rebounds,assists,steals,blocks,turnovers,personal_fouls,game_score
True,2014-01-17,7,-14,LOS ANGELES LAKERS,AWAY,BOSTON CELTICS,WIN,1347,2,7,1,2,2,2,1,2,1,0,0,1,1,3.5
True,2014-01-19,7,-5,LOS ANGELES LAKERS,AWAY,TORONTO RAPTORS,WIN,1099,3,8,1,2,0,0,1,1,2,0,0,1,2,3.2
True,2014-01-20,5,-11,LOS ANGELES LAKERS,AWAY,CHICAGO BULLS,LOSS,1283,2,9,1,3,0,0,0,6,2,1,0,2,2,0.9
True,2014-01-23,7,0,LOS ANGELES LAKERS,AWAY,MIAMI HEAT,LOSS,1276,2,7,0,3,3,3,1,3,1,0,0,1,0,4.2
True,2014-01-24,6,-16,LOS ANGELES LAKERS,AWAY,ORLANDO MAGIC,LOSS,1270,3,8,0,1,0,0,1,2,2,0,0,1,0,3.3
True,2014-01-26,18,4,LOS ANGELES LAKERS,AWAY,NEW YORK KNICKS,LOSS,1161,6,9,2,3,4,4,0,0,0,2,1,1,2,15.0
True,2014-01-28,0,-4,LOS ANGELES LAKERS,HOME,INDIANA PACERS,LOSS,1050,0,6,0,2,0,0,1,4,2,0,0,1,1,-2.3
True,2014-01-31,4,-3,LOS ANGELES LAKERS,HOME,CHARLOTTE BOBCATS,LOSS,1067,2,5,0,1,0,1,0,3,0,0,0,0,1,1.4
True,2014-02-04,19,-2,LOS ANGELES LAKERS,AWAY,MINNESOTA TIMBERWOLVES,LOSS,1230,8,11,2,3,1,2,2,6,1,1,0,1,1,17.6
