active,date,points_scored,plus_minus,team,location,opponent,outcome,seconds_played,made_field_goals,attempted_field_goals,made_three_point_field_goals,attempted_three_point_field_goals,made_free_throws,attempted_free_throws,offensive_rebounds,defensive_rebounds,assists,steals,blocks,turnovers,personal_fouls,game_score
True,2014-10-29,0,2,SACRAMENTO KINGS,HOME,GOLDEN STATE WARRIORS,LOSS,1587,0,5,0,2,0,0,0,2,1,1,0,2,3,-4.4
True,2014-10-31,7,3,SACRAMENTO KINGS,HOME,PORTLAND TRAIL BLAZERS,WIN,1903,2,5,1,2,2,2,1,3,1,0,0,2,0,4.6
True,2014-11-02,3,1,SACRAMENTO KINGS,AWAY,LOS ANGELES CLIPPERS,WIN,1212,1,4,1,3,0,0,0,1,0,1,0,0,3,0.7
True,2014-11-03,5,-2,SACRAMENTO KINGS,AWAY,DENVER NUGGETS,WIN,1168,2,5,1,3,0,0,0,5,0,0,1,2,3,1.3
True,2014-11-05,10,37,SACRAMENTO KINGS,HOME,DENVER NUGGETS,WIN,2146,3,7,2,5,2,2,0,7,3,0,1,1,2,9.4
True,2014-11-07,15,-12,SACRAMENTO KINGS,AWAY,PHOENIX SUNS,WIN,1769,5,9,1,4,4,4,1,2,0,1,0,1,5,10.0
True,2014-11-09,16,15,SACRAMENTO KINGS,AWAY,OKLAHOMA CITY THUNDER,LOSS,1663,6,9,4,6,0,0,0,2,2,0,0,1,3,11.9
True,2014-11-11,17,-8,SACRAMENTO KINGS,AWAY,DALLAS MAVERICKS,LOSS,2350,6,12,4,8,1,1,0,4,0,1,1,1,1,12.5
True,2014-11-13,17,8,SACRAMENTO KINGS,AWAY,MEMPHIS GRIZZLIES,LOSS,2240,6,12,3,6,2,4,0,4,0,0,0,1,1,10.0
True,2014-11-15,8,8,SACRAMENTO KINGS,HOME,SAN ANTONIO SPURS,WIN,2382,3,8,0,3,2,2,2,2,1,0,0,2,2,3.5
True,2014-11-18,2,9,SACRAMENTO KINGS,HOME,NEW ORLEANS PELICANS,LOSS,1740,1,6,0,3,0,0,0,3,1,1,0,2,1,-1.6
True,2014-11-20,11,3,SACRAMENTO KINGS,HOME,CHICAGO BULLS,WIN,1797,4,6,3,4,0,0,0,1,0,1,0,2,2,6.9
True,2014-11-22,22,17,SACRAMENTO KINGS,AWAY,MINNESOTA TIMBERWOLVES,WIN,2457,9,17,4,9,0,0,2,7,3,1,0,3,5,15.3
True,2014-11-25,10,18,SACRAMENTO KINGS,AWAY,NEW ORLEANS PELICANS,WIN,1756,4,6,2,3,0,0,0,2,1,1,0,0,3,8.5
True,2014-11-26,14,-7,SACRAMENTO KINGS,AWAY,HOUSTON ROCKETS,LOSS,2279,6,17,2,9,0,0,0,3,1,0,1,1,2,5.0
True,2014-11-28,14,-6,SACRAMENTO KINGS,AWAY,SAN ANTONIO SPURS,LOSS,2470,6,9,2,2,0,0,0,3,2,1,0,3,3,9.2
True,2014-11-30,18,-2,SACRAMENTO KINGS,HOME,MEMPHIS GRIZZLIES,LOSS,2455,7,13,1,3,3,4,0,2,2,1,0,3,3,10.1
True,2014-12-02,21,-15,SACRAMENTO KINGS,HOME,TORONTO RAPTORS,LOSS,2337,8,17,1,5,4,4,0,0,2,1,0,1,2,12.9
True,2014-12-05,12,5,SACRAMENTO KINGS,HOME,INDIANA PACERS,WIN,2796,4,9,1,3,3,4,1,4,0,1,0,2,1,7.4
True,2014-12-06,2,-6,SACRAMENTO KINGS,HOME,ORLANDO MAGIC,LOSS,1435,1,3,0,2,0,0,1,1,1,1,0,1,2,1.2
True,2014-12-08,6,2,SACRAMENTO KINGS,HOME,UTAH JAZZ,WIN,1080,2,5,0,0,2,2,0,0,1,0,1,0,3,3.5
True,2014-12-09,15,11,SACRAMENTO KINGS,AWAY,LOS ANGELES LAKERS,LOSS,1485,3,7,3,5,6,7,0,1,2,1,1,2,5,10.3
True,2014-12-11,21,-2,SACRAMENTO KINGS,HOME,HOUSTON ROCKETS,LOSS,2761,9,15,2,4,1,3,0,2,2,0,0,3,4,10.7
True,2014-12-13,14,-2,SACRAMENTO KINGS,HOME,DETROIT PISTONS,LOSS,1839,5,14,4,8,0,0,2,4,1,0,1,2,3,7.0
True,2014-12-16,10,-15,SACRAMENTO KINGS,HOME,OKLAHOMA CITY THUNDER,LOSS,1947,4,11,2,6,0,0,1,2,3,0,0,3,2,3.5
True,2014-12-18,22,12,SACRAMENTO KINGS,HOME,MILWAUKEE BUCKS,LOSS,2481,8,10,1,2,5,5,0,4,3,0,0,3,5,16.5
True,2014-12-21,23,19,SACRAMENTO KINGS,HOME,LOS ANGELES LAKERS,WIN,2269,10,18,2,9,1,2,1,7,1,1,0,5,4,11.9
True,2014-12-22,11,-21,SACRAMENTO KINGS,AWAY,GOLDEN STATE WARRIORS,LOSS,1961,4,8,3,6,0,0,0,2,3,1,0,1,3,8.5
True,2014-12-26,13,-5,SACRAMENTO KINGS,HOME,PHOENIX SUNS,LOSS,2102,5,14,2,7,1,3,0,2,1,0,0,1,1,4.3
True,2014-12-27,5,4,SACRAMENTO KINGS,HOME,NEW YORK KNICKS,WIN,2148,2,4,1,2,0,0,0,5,3,1,1,3,5,3.3
True,2014-12-29,11,-7,SACRAMENTO KINGS,AWAY,BROOKLYN NETS,LOSS,1917,4,9,3,7,0,0,0,2,2,1,0,2,4,5.7
True,2014-12-31,12,-9,SACRAMENTO KINGS,AWAY,BOSTON CELTICS,LOSS,1129,3,5,2,3,4,4,0,5,0,1,0,3,4,7.6
True,2015-01-01,14,11,SACRAMENTO KINGS,AWAY,MINNESOTA TIMBERWOLVES,WIN,2275,6,9,1,2,1,2,1,3,2,0,0,2,3,9.5
True,2015-01-04,11,-13,SACRAMENTO KINGS,AWAY,DETROIT PISTONS,LOSS,2372,2,11,0,6,7,7,0,0,4,1,0,1,2,6.1
True,2015-01-07,11,28,SACRAMENTO KINGS,HOME,OKLAHOMA CITY THUNDER,WIN,2056,5,9,1,2,0,0,1,1,1,4,0,2,4,8.8
True,2015-01-09,7,-4,SACRAMENTO KINGS,HOME,DENVER NUGGETS,LOSS,1772,2,8,1,6,2,2,0,2,3,0,0,2,3,1.7
True,2015-01-11,7,27,SACRAMENTO KINGS,HOME,CLEVELAND CAVALIERS,WIN,1590,3,8,1,5,0,0,1,3,3,1,0,0,1,6.9
True,2015-01-13,8,-10,SACRAMENTO KINGS,HOME,DALLAS MAVERICKS,LOSS,2320,2,8,0,5,4,4,0,1,4,0,0,3,3,2.1
True,2015-01-16,15,-10,SACRAMENTO KINGS,HOME,MIAMI HEAT,LOSS,2221,6,14,3,7,0,1,0,2,0,0,0,2,1,5.4
True,2015-01-17,14,-4,SACRAMENTO KINGS,HOME,LOS ANGELES CLIPPERS,LOSS,2005,6,12,0,4,2,2,1,0,2,2,0,2,3,8.9
True,2015-01-19,11,7,SACRAMENTO KINGS,AWAY,PORTLAND TRAIL BLAZERS,LOSS,2072,3,10,2,5,3,3,0,5,1,2,1,3,2,6.3
True,2015-01-21,9,4,SACRAMENTO KINGS,HOME,BROOKLYN NETS,LOSS,2213,3,10,2,7,1,2,0,5,3,0,0,1,2,4.6
True,2015-01-23,7,-15,SACRAMENTO KINGS,AWAY,GOLDEN STATE WARRIORS,LOSS,1513,3,9,1,5,0,0,0,1,1,2,0,0,3,3.7
True,2015-01-28,17,-4,SACRAMENTO KINGS,AWAY,TORONTO RAPTORS,LOSS,2154,6,11,3,6,2,2,2,3,1,0,0,3,3,10.5
True,2015-01-30,6,-21,SACRAMENTO KINGS,AWAY,CLEVELAND CAVALIERS,LOSS,1600,2,8,2,6,0,0,1,3,0,0,0,0,3,1.6
True,2015-01-31,8,12,SACRAMENTO KINGS,AWAY,INDIANA PACERS,WIN,2187,3,9,1,5,1,2,0,4,2,0,0,0,1,4.7
True,2015-02-03,18,-6,SACRAMENTO KINGS,HOME,GOLDEN STATE WARRIORS,LOSS,2404,6,9,4,5,2,2,0,2,2,3,0,1,3,16.9
True,2015-02-05,5,-25,SACRAMENTO KINGS,HOME,DALLAS MAVERICKS,LOSS,1446,2,9,1,7,0,0,0,3,2,0,0,1,2,0.0
True,2015-02-07,15,-17,SACRAMENTO KINGS,AWAY,UTAH JAZZ,LOSS,1923,6,15,3,7,0,0,0,2,0,1,1,1,1,7.8
True,2015-02-08,13,10,SACRAMENTO KINGS,HOME,PHOENIX SUNS,WIN,2295,4,12,3,8,2,2,0,1,2,0,2,1,3,7.1
True,2015-02-10,11,-13,SACRAMENTO KINGS,AWAY,CHICAGO BULLS,LOSS,2156,5,10,1,4,0,0,1,1,0,1,1,1,1,7.3
True,2015-02-11,16,6,SACRAMENTO KINGS,AWAY,MILWAUKEE BUCKS,LOSS,1798,5,12,4,8,2,2,0,2,0,3,0,0,5,11.2
True,2015-02-20,10,6,SACRAMENTO KINGS,HOME,BOSTON CELTICS,WIN,2445,3,13,2,7,2,3,0,1,2,0,0,4,4,-2.2
True,2015-02-21,9,-15,SACRAMENTO KINGS,AWAY,LOS ANGELES CLIPPERS,LOSS,1715,4,12,1,6,0,0,0,2,2,0,0,0,3,3.0
True,2015-02-25,16,1,SACRAMENTO KINGS,HOME,MEMPHIS GRIZZLIES,WIN,1907,7,15,2,5,0,0,0,0,0,2,1,4,1,6.6
True,2015-02-27,21,-9,SACRAMENTO KINGS,HOME,SAN ANTONIO SPURS,LOSS,2120,5,8,1,2,10,12,0,4,2,0,0,0,2,18.4
True,2015-03-01,12,1,SACRAMENTO KINGS,HOME,PORTLAND TRAIL BLAZERS,LOSS,1437,4,12,2,5,2,2,0,2,1,2,0,2,1,6.1
True,2015-03-03,20,25,SACRAMENTO KINGS,AWAY,NEW YORK KNICKS,WIN,1408,6,12,2,4,6,7,0,2,4,0,0,0,1,16.6
True,2015-03-04,9,-12,SACRAMENTO KINGS,AWAY,SAN ANTONIO SPURS,LOSS,2343,3,8,1,3,2,4,2,0,2,3,1,3,1,6.9
True,2015-03-06,0,-11,SACRAMENTO KINGS,AWAY,ORLANDO MAGIC,LOSS,1259,0,5,0,3,0,0,1,3,2,0,0,1,1,-1.9
True,2015-03-07,20,4,SACRAMENTO KINGS,AWAY,MIAMI HEAT,LOSS,2681,7,16,3,8,3,4,0,4,0,2,1,2,5,11.1
True,2015-03-09,12,-11,SACRAMENTO KINGS,AWAY,ATLANTA HAWKS,LOSS,1665,4,16,2,8,2,2,1,0,3,0,0,2,2,2.4
True,2015-03-11,27,7,SACRAMENTO KINGS,AWAY,CHARLOTTE HORNETS,WIN,2448,10,16,3,4,4,4,0,2,2,1,0,1,3,20.6
True,2015-03-13,4,-10,SACRAMENTO KINGS,AWAY,PHILADELPHIA 76ERS,LOSS,1839,2,7,0,1,0,0,0,2,2,1,1,3,2,-0.2
True,2015-03-14,7,-14,SACRAMENTO KINGS,AWAY,WASHINGTON WIZARDS,LOSS,1679,2,10,1,7,2,2,0,4,1,1,0,2,2,0.9
True,2015-03-16,11,2,SACRAMENTO KINGS,HOME,ATLANTA HAWKS,LOSS,1729,5,11,0,2,1,2,1,5,3,0,0,2,6,4.8
True,2015-03-18,0,-11,SACRAMENTO KINGS,HOME,LOS ANGELES CLIPPERS,LOSS,1167,0,5,0,1,0,0,0,1,2,1,0,0,2,-1.6
True,2015-03-20,9,4,SACRAMENTO KINGS,HOME,CHARLOTTE HORNETS,WIN,1619,3,7,2,4,1,1,0,0,2,1,0,2,3,4.5
True,2015-03-22,17,16,SACRAMENTO KINGS,HOME,WASHINGTON WIZARDS,WIN,1860,7,11,3,5,0,0,1,2,1,4,0,2,2,15.3
True,2015-03-24,9,6,SACRAMENTO KINGS,HOME,PHILADELPHIA 76ERS,WIN,2019,4,8,1,1,0,0,0,2,1,1,0,1,2,5.5
True,2015-03-25,12,-6,SACRAMENTO KINGS,AWAY,PHOENIX SUNS,WIN,1745,5,9,2,5,0,0,0,2,3,2,0,1,5,9.4
True,2015-03-27,7,6,SACRAMENTO KINGS,AWAY,NEW ORLEANS PELICANS,LOSS,1831,2,9,2,4,1,2,0,4,1,1,0,0,1,3.6
True,2015-03-30,8,-20,SACRAMENTO KINGS,AWAY,MEMPHIS GRIZZLIES,LOSS,1790,3,9,1,4,1,1,0,3,0,0,0,1,2,2.0
True,2015-04-01,14,1,SACRAMENTO KINGS,AWAY,HOUSTON ROCKETS,LOSS,1888,6,10,2,3,0,0,0,4,2,1,1,2,2,10.9
True,2015-04-03,17,-5,SACRAMENTO KINGS,HOME,NEW ORLEANS PELICANS,LOSS,2028,7,15,3,9,0,0,1,2,2,2,0,1,6,10.6
True,2015-04-05,20,0,SACRAMENTO KINGS,HOME,UTAH JAZZ,LOSS,2274,8,12,2,3,2,2,1,4,4,4,0,3,5,18.5
True,2015-04-07,7,-17,SACRAMENTO KINGS,HOME,MINNESOTA TIMBERWOLVES,WIN,1017,3,7,1,4,0,0,0,1,2,1,0,2,6,1.6
True,2015-04-08,16,-5,SACRAMENTO KINGS,AWAY,UTAH JAZZ,LOSS,2256,5,12,0,3,6,8,0,0,1,1,0,0,4,8.9
True,2015-04-10,20,-1,SACRAMENTO KINGS,AWAY,OKLAHOMA CITY THUNDER,LOSS,2100,8,17,4,10,0,0,1,3,1,0,1,5,2,8.5
True,2015-04-12,20,-6,SACRAMENTO KINGS,AWAY,DENVER NUGGETS,LOSS,2272,6,12,2,5,6,8,1,4,7,4,0,4,3,18.8
True,2015-04-13,8,-4,SACRAMENTO KINGS,HOME,LOS ANGELES LAKERS,WIN,1840,2,7,1,4,3,4,1,4,2,1,0,2,0,5.8
True,2015-04-15,24,21,SACRAMENTO KINGS,AWAY,LOS ANGELES LAKERS,WIN,2392,9,18,2,7,4,6,0,5,7,2,0,1,1,21.2
