active,date,points_scored,plus_minus,team,location,opponent,outcome,seconds_played,made_field_goals,attempted_field_goals,made_three_point_field_goals,attempted_three_point_field_goals,made_free_throws,attempted_free_throws,offensive_rebounds,defensive_rebounds,assists,steals,blocks,turnovers,personal_fouls,game_score
True,2014-11-22,3,7,NEW YORK KNICKS,HOME,PHILADELPHIA 76ERS,WIN,1263,1,6,1,3,0,0,0,3,3,2,0,1,1,2.8
True,2014-11-24,9,-3,NEW YORK KNICKS,AWAY,HOUSTON ROCKETS,LOSS,1536,3,7,1,3,2,2,0,1,5,0,0,0,0,9.1
True,2014-11-26,21,-9,NEW YORK KNICKS,AWAY,DALLAS MAVERICKS,LOSS,2308,7,13,7,9,0,0,3,7,4,0,0,2,3,18.5
True,2014-11-28,3,-27,NEW YORK KNICKS,AWAY,OKLAHOMA CITY THUNDER,LOSS,1373,1,5,0,3,1,1,0,1,1,0,0,2,0,-1.1
True,2014-11-30,9,-2,NEW YORK KNICKS,HOME,MIAMI HEAT,LOSS,2049,4,9,1,5,0,0,3,7,6,0,0,5,2,6.9
True,2014-12-02,19,-8,NEW YORK KNICKS,HOME,BROOKLYN NETS,LOSS,1930,7,9,5,6,0,0,1,1,7,2,0,1,1,22.0
True,2014-12-04,3,-9,NEW YORK KNICKS,HOME,CLEVELAND CAVALIERS,LOSS,1707,1,5,1,4,0,0,0,1,3,1,0,2,3,0.1
True,2014-12-05,9,-14,NEW YORK KNICKS,AWAY,CHARLOTTE HORNETS,LOSS,1450,4,6,1,3,0,0,0,0,2,0,0,1,0,6.8
True,2014-12-07,4,-14,NEW YORK KNICKS,HOME,PORTLAND TRAIL BLAZERS,LOSS,1427,2,7,0,2,0,0,0,1,3,1,0,1,2,1.5
True,2014-12-09,8,-7,NEW YORK KNICKS,AWAY,NEW ORLEANS PELICANS,LOSS,2173,3,5,2,2,0,0,1,0,6,3,0,1,2,11.8
True,2014-12-10,2,-13,NEW YORK KNICKS,AWAY,SAN ANTONIO SPURS,LOSS,1477,1,4,0,0,0,0,0,4,3,0,0,0,2,2.1
True,2014-12-12,9,11,NEW YORK KNICKS,AWAY,BOSTON CELTICS,WIN,2002,4,10,1,2,0,0,1,2,7,3,0,1,2,11.0
True,2014-12-14,13,-5,NEW YORK KNICKS,HOME,TORONTO RAPTORS,LOSS,2372,6,13,1,5,0,0,2,3,5,0,0,2,2,9.3
True,2014-12-16,3,-25,NEW YORK KNICKS,HOME,DALLAS MAVERICKS,LOSS,1904,1,6,1,5,0,0,0,4,2,0,0,1,1,0.4
True,2014-12-18,12,4,NEW YORK KNICKS,AWAY,CHICAGO BULLS,LOSS,2156,5,10,0,0,2,2,0,3,2,1,0,1,0,9.3
True,2014-12-20,21,-2,NEW YORK KNICKS,HOME,PHOENIX SUNS,LOSS,2108,8,13,5,6,0,0,0,5,3,1,0,3,3,15.5
True,2014-12-21,15,-13,NEW YORK KNICKS,AWAY,TORONTO RAPTORS,LOSS,2047,4,11,1,3,6,6,0,3,10,0,0,2,3,13.6
True,2014-12-25,16,-11,NEW YORK KNICKS,HOME,WASHINGTON WIZARDS,LOSS,2177,5,14,2,7,4,4,0,4,4,0,0,0,0,12.2
True,2014-12-27,9,-11,NEW YORK KNICKS,AWAY,SACRAMENTO KINGS,LOSS,2627,4,12,1,3,0,0,1,3,9,1,0,2,3,7.9
True,2014-12-28,6,-17,NEW YORK KNICKS,AWAY,PORTLAND TRAIL BLAZERS,LOSS,1687,2,11,1,4,1,1,2,4,1,0,0,0,1,2.0
True,2014-12-31,4,-14,NEW YORK KNICKS,AWAY,LOS ANGELES CLIPPERS,LOSS,1731,2,5,0,1,0,0,0,2,4,1,0,2,2,2.9
True,2015-01-02,7,-9,NEW YORK KNICKS,HOME,DETROIT PISTONS,LOSS,2159,3,11,1,4,0,0,0,6,3,1,0,3,2,1.6
True,2015-01-04,7,-8,NEW YORK KNICKS,HOME,MILWAUKEE BUCKS,LOSS,1594,1,5,1,4,4,4,0,2,5,1,0,2,5,5.0
True,2015-01-05,13,-26,NEW YORK KNICKS,AWAY,MEMPHIS GRIZZLIES,LOSS,1793,5,7,3,3,0,0,0,0,6,0,0,2,0,12.3
True,2015-01-07,17,-14,NEW YORK KNICKS,AWAY,WASHINGTON WIZARDS,LOSS,1940,7,14,2,5,1,1,1,3,3,1,0,4,3,9.5
True,2015-01-08,0,-29,NEW YORK KNICKS,HOME,HOUSTON ROCKETS,LOSS,1272,0,5,0,2,0,0,2,2,4,0,0,2,0,-0.7
True,2015-01-10,7,-27,NEW YORK KNICKS,HOME,CHARLOTTE HORNETS,LOSS,1748,3,12,1,5,0,0,0,0,2,0,0,3,2,-2.6
True,2015-01-15,11,4,NEW YORK KNICKS,AWAY,MILWAUKEE BUCKS,LOSS,2235,4,8,3,4,0,0,0,3,9,1,0,3,3,11.0
True,2015-01-19,5,11,NEW YORK KNICKS,HOME,NEW ORLEANS PELICANS,WIN,1352,2,10,1,5,0,0,0,1,1,0,0,0,2,-1.0
True,2015-01-21,15,11,NEW YORK KNICKS,AWAY,PHILADELPHIA 76ERS,WIN,1833,5,10,3,6,2,2,1,4,7,0,0,2,3,13.6
True,2015-01-23,4,-4,NEW YORK KNICKS,HOME,ORLANDO MAGIC,WIN,1191,2,5,0,1,0,0,0,4,7,0,0,2,2,4.6
True,2015-01-28,4,10,NEW YORK KNICKS,HOME,OKLAHOMA CITY THUNDER,WIN,1638,2,3,0,1,0,0,0,3,8,2,0,1,0,10.2
True,2015-01-29,9,-22,NEW YORK KNICKS,AWAY,INDIANA PACERS,LOSS,1668,4,7,1,1,0,0,0,1,6,0,0,0,2,9.4
True,2015-02-01,9,28,NEW YORK KNICKS,HOME,LOS ANGELES LAKERS,WIN,1579,4,5,1,1,0,0,0,2,4,2,0,2,2,9.7
True,2015-02-03,17,-9,NEW YORK KNICKS,HOME,BOSTON CELTICS,LOSS,1859,7,12,3,4,0,0,0,2,2,0,0,4,2,8.6
True,2015-02-06,15,3,NEW YORK KNICKS,AWAY,BROOKLYN NETS,LOSS,2009,6,11,3,4,0,0,0,4,7,1,0,0,3,15.6
True,2015-02-07,9,-6,NEW YORK KNICKS,HOME,GOLDEN STATE WARRIORS,LOSS,1406,3,6,2,3,1,2,0,2,3,1,0,2,0,7.3
True,2015-02-09,6,-6,NEW YORK KNICKS,AWAY,MIAMI HEAT,LOSS,1634,2,5,0,1,2,2,0,1,6,1,0,2,1,6.4
True,2015-02-11,9,-7,NEW YORK KNICKS,AWAY,ORLANDO MAGIC,LOSS,2165,4,11,1,3,0,0,1,1,7,1,0,1,2,8.0
True,2015-02-20,11,-21,NEW YORK KNICKS,HOME,MIAMI HEAT,LOSS,1772,5,10,0,3,1,3,0,1,9,2,0,3,2,10.0
True,2015-02-22,4,-18,NEW YORK KNICKS,HOME,CLEVELAND CAVALIERS,LOSS,1700,2,9,0,1,0,0,0,2,2,0,0,3,3,-3.7
True,2015-02-25,5,-17,NEW YORK KNICKS,AWAY,BOSTON CELTICS,LOSS,2162,1,7,1,5,2,2,0,2,7,1,0,4,4,1.4
