active,date,points_scored,plus_minus,team,location,opponent,outcome,seconds_played,made_field_goals,attempted_field_goals,made_three_point_field_goals,attempted_three_point_field_goals,made_free_throws,attempted_free_throws,offensive_rebounds,defensive_rebounds,assists,steals,blocks,turnovers,personal_fouls,game_score
True,2015-03-29,0,-3,LOS ANGELES CLIPPERS,AWAY,BOSTON CELTICS,WIN,31,0,0,0,0,0,0,0,0,0,0,0,0,0,0.0
True,2015-04-04,4,6,LOS ANGELES CLIPPERS,AWAY,DENVER NUGGETS,WIN,908,1,5,0,1,2,2,0,3,1,3,0,1,1,4.1
True,2015-04-05,3,1,LOS ANGELES CLIPPERS,AWAY,LOS ANGELES LAKERS,WIN,1097,1,3,0,1,1,2,0,3,1,2,0,1,2,2.7
True,2015-04-13,0,0,LOS ANGELES CLIPPERS,HOME,DENVER NUGGETS,WIN,60,0,1,0,1,0,0,0,0,0,0,0,0,0,-0.7
True,2015-04-14,11,-10,LOS ANGELES CLIPPERS,AWAY,PHOENIX SUNS,WIN,1238,4,5,3,3,0,0,1,1,3,1,1,1,1,12.5
