active,date,points_scored,plus_minus,team,location,opponent,outcome,seconds_played,made_field_goals,attempted_field_goals,made_three_point_field_goals,attempted_three_point_field_goals,made_free_throws,attempted_free_throws,offensive_rebounds,defensive_rebounds,assists,steals,blocks,turnovers,personal_fouls,game_score
True,2017-10-18,0,-2,NEW ORLEANS PELICANS,AWAY,MEMPHIS GRIZZLIES,LOSS,50,0,0,0,0,0,0,0,0,0,0,0,0,0,0.0
True,2017-10-24,3,-13,NEW ORLEANS PELICANS,AWAY,PORTLAND TRAIL BLAZERS,LOSS,771,1,3,0,0,1,2,0,4,0,0,1,0,4,1.2
True,2017-10-26,4,-3,NEW ORLEANS PELICANS,AWAY,SACRAMENTO KINGS,WIN,545,2,3,0,0,0,0,1,3,0,0,0,1,1,2.9
True,2017-10-28,0,1,NEW ORLEANS PELICANS,HOME,CLEVELAND CAVALIERS,WIN,407,0,1,0,0,0,0,0,1,1,0,0,1,3,-1.9
True,2017-10-30,2,-10,NEW ORLEANS PELICANS,HOME,ORLANDO MAGIC,LOSS,537,1,3,0,0,0,0,2,1,0,0,0,0,1,1.6
True,2017-11-01,2,2,NEW ORLEANS PELICANS,HOME,MINNESOTA TIMBERWOLVES,LOSS,422,1,1,0,0,0,0,1,3,0,0,0,1,0,2.3
True,2017-11-11,9,0,NEW ORLEANS PELICANS,HOME,LOS ANGELES CLIPPERS,WIN,1159,4,5,0,0,1,2,2,4,0,0,0,0,2,8.5
True,2017-11-13,0,-3,NEW ORLEANS PELICANS,HOME,ATLANTA HAWKS,WIN,128,0,0,0,0,0,0,0,0,0,0,0,0,0,0.0
True,2017-11-15,8,-8,NEW ORLEANS PELICANS,HOME,TORONTO RAPTORS,LOSS,813,4,7,0,0,0,0,1,2,0,0,0,0,1,5.6
True,2017-11-17,9,-5,NEW ORLEANS PELICANS,AWAY,DENVER NUGGETS,LOSS,760,4,5,0,0,1,2,1,2,0,0,0,2,5,4.0
True,2017-11-22,0,-11,NEW ORLEANS PELICANS,HOME,SAN ANTONIO SPURS,WIN,309,0,2,0,0,0,0,0,2,1,0,0,1,1,-1.5
True,2017-11-24,2,-4,NEW ORLEANS PELICANS,AWAY,PHOENIX SUNS,WIN,362,1,2,0,0,0,0,0,2,0,0,0,1,1,0.2
True,2017-11-25,0,-3,NEW ORLEANS PELICANS,AWAY,GOLDEN STATE WARRIORS,LOSS,73,0,0,0,0,0,0,0,0,0,0,0,0,0,0.0
True,2017-11-29,0,3,NEW ORLEANS PELICANS,HOME,MINNESOTA TIMBERWOLVES,LOSS,222,0,0,0,0,0,0,0,1,1,0,0,0,1,0.6
True,2017-12-04,0,-3,NEW ORLEANS PELICANS,HOME,GOLDEN STATE WARRIORS,LOSS,8,0,0,0,0,0,0,0,0,0,0,0,0,0,0.0
True,2017-12-19,2,6,NEW ORLEANS PELICANS,AWAY,WASHINGTON WIZARDS,LOSS,234,1,2,0,0,0,1,0,3,0,0,0,0,0,1.5
True,2017-12-22,6,-11,NEW ORLEANS PELICANS,AWAY,ORLANDO MAGIC,WIN,361,2,3,0,0,2,2,1,2,0,0,0,1,2,4.2
True,2017-12-23,0,-6,NEW ORLEANS PELICANS,AWAY,MIAMI HEAT,WIN,281,0,0,0,0,0,0,1,0,1,1,0,0,1,2.0
True,2017-12-27,2,-24,NEW ORLEANS PELICANS,HOME,BROOKLYN NETS,WIN,650,1,4,0,0,0,0,0,2,1,0,0,0,2,0.1
True,2018-01-06,9,3,NEW ORLEANS PELICANS,AWAY,MINNESOTA TIMBERWOLVES,LOSS,225,2,3,0,0,5,5,0,0,0,0,0,0,0,7.7
True,2018-01-08,0,-5,NEW ORLEANS PELICANS,HOME,DETROIT PISTONS,WIN,90,0,0,0,0,0,0,0,0,0,0,0,0,0,0.0
True,2018-01-10,3,10,NEW ORLEANS PELICANS,AWAY,MEMPHIS GRIZZLIES,LOSS,406,1,1,0,0,1,2,1,2,0,0,0,0,2,2.8
True,2018-01-30,2,-11,NEW ORLEANS PELICANS,HOME,SACRAMENTO KINGS,LOSS,374,1,1,0,0,0,0,0,1,0,0,0,0,2,1.2
True,2018-02-02,7,2,NEW ORLEANS PELICANS,AWAY,OKLAHOMA CITY THUNDER,WIN,949,3,4,0,0,1,1,1,8,0,0,1,1,0,8.2
True,2018-02-03,10,-2,NEW ORLEANS PELICANS,AWAY,MINNESOTA TIMBERWOLVES,LOSS,898,3,8,0,0,4,4,4,6,1,0,1,0,1,11.2
True,2018-02-05,6,-15,NEW ORLEANS PELICANS,HOME,UTAH JAZZ,LOSS,889,3,6,0,0,0,0,0,1,0,1,1,0,1,4.6
True,2018-02-09,6,5,NEW ORLEANS PELICANS,AWAY,PHILADELPHIA 76ERS,LOSS,1045,3,8,0,0,0,0,1,6,0,1,0,0,0,5.1
True,2018-02-10,8,5,NEW ORLEANS PELICANS,AWAY,BROOKLYN NETS,WIN,744,3,4,0,0,2,2,0,7,0,0,0,0,1,8.1
True,2018-02-12,4,6,NEW ORLEANS PELICANS,AWAY,DETROIT PISTONS,WIN,1012,2,4,0,0,0,0,1,4,1,0,2,0,2,5.2
True,2018-02-14,9,-4,NEW ORLEANS PELICANS,HOME,LOS ANGELES LAKERS,WIN,709,3,4,0,0,3,3,1,3,0,0,1,0,1,9.3
True,2018-02-23,1,-3,NEW ORLEANS PELICANS,HOME,MIAMI HEAT,WIN,601,0,3,0,0,1,2,0,3,1,1,1,0,0,1.8
True,2018-02-25,5,-4,NEW ORLEANS PELICANS,AWAY,MILWAUKEE BUCKS,WIN,579,2,3,0,0,1,2,0,1,0,0,0,1,1,2.2
True,2018-02-28,4,-2,NEW ORLEANS PELICANS,AWAY,SAN ANTONIO SPURS,WIN,724,2,3,0,0,0,0,0,2,1,1,2,1,2,4.6
True,2018-03-04,13,4,NEW ORLEANS PELICANS,AWAY,DALLAS MAVERICKS,WIN,1389,6,9,0,0,1,3,3,12,1,3,0,2,2,14.9
True,2018-03-06,2,-5,NEW ORLEANS PELICANS,AWAY,LOS ANGELES CLIPPERS,WIN,329,1,2,0,0,0,0,0,2,0,1,0,0,1,2.2
True,2018-03-07,6,-4,NEW ORLEANS PELICANS,AWAY,SACRAMENTO KINGS,WIN,744,2,5,0,0,2,2,0,2,0,0,0,2,3,0.7
True,2018-03-09,14,2,NEW ORLEANS PELICANS,HOME,WASHINGTON WIZARDS,LOSS,1346,7,10,0,0,0,1,1,8,2,0,3,1,4,13.4
True,2018-03-11,2,-6,NEW ORLEANS PELICANS,HOME,UTAH JAZZ,LOSS,337,1,1,0,0,0,0,0,1,0,0,1,1,2,0.9
True,2018-03-17,6,6,NEW ORLEANS PELICANS,HOME,HOUSTON ROCKETS,LOSS,717,2,4,0,0,2,2,0,4,0,0,2,0,1,6.2
True,2018-03-18,17,14,NEW ORLEANS PELICANS,HOME,BOSTON CELTICS,WIN,1413,7,9,0,0,3,4,1,5,1,0,0,1,2,14.2
True,2018-03-20,10,6,NEW ORLEANS PELICANS,HOME,DALLAS MAVERICKS,WIN,1454,4,8,0,0,2,2,5,9,0,0,0,1,3,10.0
True,2018-03-21,9,4,NEW ORLEANS PELICANS,HOME,INDIANA PACERS,WIN,1187,2,3,0,0,5,5,4,6,0,0,1,2,4,9.4
True,2018-03-22,2,13,NEW ORLEANS PELICANS,HOME,LOS ANGELES LAKERS,WIN,1112,0,2,0,0,2,2,2,6,0,0,0,1,2,2.0
True,2018-03-24,15,-16,NEW ORLEANS PELICANS,AWAY,HOUSTON ROCKETS,LOSS,1528,5,6,0,0,5,6,2,7,2,1,1,0,2,18.2
True,2018-03-27,5,-13,NEW ORLEANS PELICANS,HOME,PORTLAND TRAIL BLAZERS,LOSS,887,2,4,0,0,1,1,0,7,0,0,1,0,2,5.0
True,2018-03-30,4,15,NEW ORLEANS PELICANS,AWAY,CLEVELAND CAVALIERS,LOSS,688,2,2,0,0,0,0,2,3,1,0,0,0,2,5.6
True,2018-04-01,4,4,NEW ORLEANS PELICANS,HOME,OKLAHOMA CITY THUNDER,LOSS,429,1,3,0,0,2,3,1,1,0,0,0,0,2,2.1
True,2018-04-04,8,-8,NEW ORLEANS PELICANS,HOME,MEMPHIS GRIZZLIES,WIN,1395,4,6,0,0,0,0,2,3,2,0,0,2,3,5.9
True,2018-04-06,2,-10,NEW ORLEANS PELICANS,AWAY,PHOENIX SUNS,WIN,1030,1,1,0,0,0,0,2,6,0,0,1,3,4,1.0
True,2018-04-07,4,7,NEW ORLEANS PELICANS,AWAY,GOLDEN STATE WARRIORS,WIN,644,1,1,0,0,2,4,0,3,0,0,1,1,1,3.1
True,2018-04-09,6,-12,NEW ORLEANS PELICANS,AWAY,LOS ANGELES CLIPPERS,WIN,642,3,6,0,0,0,1,3,2,1,1,0,0,4,5.4
True,2018-04-11,2,2,NEW ORLEANS PELICANS,HOME,SAN ANTONIO SPURS,WIN,261,1,1,0,0,0,0,0,1,0,0,0,0,0,2.0
