active,date,points_scored,plus_minus,team,location,opponent,outcome,seconds_played,made_field_goals,attempted_field_goals,made_three_point_field_goals,attempted_three_point_field_goals,made_free_throws,attempted_free_throws,offensive_rebounds,defensive_rebounds,assists,steals,blocks,turnovers,personal_fouls,game_score
True,2018-10-17,11,20,DENVER NUGGETS,AWAY,LOS ANGELES CLIPPERS,WIN,1819,1,7,0,1,9,12,3,13,0,1,1,2,2,10.2
True,2018-10-20,14,38,DENVER NUGGETS,HOME,PHOENIX SUNS,WIN,1927,5,10,0,1,4,4,4,6,2,1,2,3,3,13.2
True,2018-10-21,5,-3,DENVER NUGGETS,HOME,GOLDEN STATE WARRIORS,WIN,1586,1,7,0,2,3,8,2,4,1,3,1,1,2,3.7
True,2018-10-23,15,19,DENVER NUGGETS,HOME,SACRAMENTO KINGS,WIN,1328,6,10,1,2,2,2,2,3,0,1,1,0,2,13.6
True,2018-10-25,6,-9,DENVER NUGGETS,AWAY,LOS ANGELES LAKERS,LOSS,1694,3,9,0,2,0,0,2,3,2,0,2,3,3,1.8
True,2018-10-29,18,1,DENVER NUGGETS,HOME,NEW ORLEANS PELICANS,WIN,1612,6,12,2,4,4,4,3,5,3,1,1,3,2,15.6
True,2018-10-31,19,7,DENVER NUGGETS,AWAY,CHICAGO BULLS,WIN,1977,8,12,1,2,2,3,1,5,1,0,3,1,2,16.6
True,2018-11-01,16,11,DENVER NUGGETS,AWAY,CLEVELAND CAVALIERS,WIN,1251,6,9,1,1,3,4,2,4,1,1,0,0,3,14.8
True,2018-11-03,13,-5,DENVER NUGGETS,HOME,UTAH JAZZ,WIN,1385,6,10,1,3,0,1,1,4,2,3,0,2,2,11.5
True,2018-11-05,10,-1,DENVER NUGGETS,HOME,BOSTON CELTICS,WIN,1679,3,9,1,2,3,4,3,5,2,0,1,1,1,8.8
True,2018-11-07,2,-5,DENVER NUGGETS,AWAY,MEMPHIS GRIZZLIES,LOSS,1181,1,7,0,1,0,0,1,2,1,1,0,2,2,-2.3
True,2018-11-09,11,-1,DENVER NUGGETS,HOME,BROOKLYN NETS,LOSS,1612,4,8,0,1,3,6,4,7,0,0,1,3,2,7.6
True,2018-11-11,25,-14,DENVER NUGGETS,HOME,MILWAUKEE BUCKS,LOSS,1858,6,14,5,8,8,11,3,5,6,0,2,0,3,24.4
True,2018-11-13,13,-5,DENVER NUGGETS,HOME,HOUSTON ROCKETS,LOSS,1539,4,8,1,2,4,4,0,0,1,2,0,3,5,6.7
True,2018-11-15,18,35,DENVER NUGGETS,HOME,ATLANTA HAWKS,WIN,1475,8,13,1,2,1,1,3,6,5,4,2,1,2,23.1
True,2018-11-17,7,-2,DENVER NUGGETS,AWAY,NEW ORLEANS PELICANS,LOSS,1306,3,8,0,3,1,3,1,0,3,0,2,1,3,3.8
True,2018-11-19,8,-10,DENVER NUGGETS,AWAY,MILWAUKEE BUCKS,LOSS,1730,3,9,0,4,2,2,2,7,2,1,1,1,3,7.3
True,2018-11-21,25,6,DENVER NUGGETS,AWAY,MINNESOTA TIMBERWOLVES,WIN,1652,11,13,2,2,1,2,1,4,0,5,1,1,4,24.9
True,2018-11-23,14,9,DENVER NUGGETS,HOME,ORLANDO MAGIC,WIN,1438,5,8,0,0,4,4,1,6,2,2,2,2,3,14.5
True,2018-11-24,8,2,DENVER NUGGETS,AWAY,OKLAHOMA CITY THUNDER,WIN,1705,3,7,2,3,0,2,0,6,3,1,1,1,3,6.9
True,2018-11-27,20,11,DENVER NUGGETS,HOME,LOS ANGELES LAKERS,WIN,1387,9,14,0,1,2,2,5,6,2,1,2,1,1,21.5
True,2018-11-30,22,9,DENVER NUGGETS,AWAY,PORTLAND TRAIL BLAZERS,WIN,2184,9,16,2,3,2,2,5,5,4,4,0,3,5,21.2
True,2018-12-03,6,3,DENVER NUGGETS,AWAY,TORONTO RAPTORS,WIN,1772,2,9,0,2,2,2,1,7,3,1,0,3,2,2.6
True,2018-12-05,18,1,DENVER NUGGETS,AWAY,ORLANDO MAGIC,WIN,1962,6,10,2,2,4,7,0,8,2,0,0,2,1,13.6
True,2018-12-07,16,-6,DENVER NUGGETS,AWAY,CHARLOTTE HORNETS,LOSS,1127,4,8,0,1,8,9,2,1,1,1,2,1,4,13.8
True,2018-12-29,6,7,DENVER NUGGETS,AWAY,PHOENIX SUNS,WIN,850,3,7,0,1,0,0,0,0,1,0,1,0,0,3.7
True,2019-01-01,16,17,DENVER NUGGETS,HOME,NEW YORK KNICKS,WIN,1346,6,13,0,4,4,10,2,7,2,2,0,0,5,11.8
True,2019-01-03,10,2,DENVER NUGGETS,AWAY,SACRAMENTO KINGS,WIN,1333,3,6,1,2,3,4,1,5,2,0,0,0,4,8.6
True,2019-01-05,18,14,DENVER NUGGETS,HOME,CHARLOTTE HORNETS,WIN,1649,7,14,1,3,3,4,4,2,3,4,0,2,1,17.7
True,2019-01-07,6,-14,DENVER NUGGETS,AWAY,HOUSTON ROCKETS,LOSS,1313,2,6,0,0,2,2,2,1,2,0,1,0,2,5.6
True,2019-01-08,12,8,DENVER NUGGETS,AWAY,MIAMI HEAT,WIN,1819,5,11,0,2,2,3,4,5,4,1,1,1,0,13.7
True,2019-01-10,8,3,DENVER NUGGETS,HOME,LOS ANGELES CLIPPERS,WIN,1421,2,9,0,1,4,4,2,7,0,1,0,1,3,4.8
True,2019-01-12,10,10,DENVER NUGGETS,AWAY,PHOENIX SUNS,LOSS,1912,4,12,0,1,2,5,4,7,2,2,1,2,1,8.6
True,2019-01-13,11,-7,DENVER NUGGETS,HOME,PORTLAND TRAIL BLAZERS,WIN,1645,4,7,0,0,3,3,3,3,0,0,0,2,2,7.9
True,2019-01-15,10,-12,DENVER NUGGETS,HOME,GOLDEN STATE WARRIORS,LOSS,1255,5,8,0,2,0,0,0,3,2,1,0,0,3,8.5
True,2019-01-17,14,27,DENVER NUGGETS,HOME,CHICAGO BULLS,WIN,1524,5,6,2,2,2,4,2,6,2,1,0,1,4,14.0
True,2019-01-19,14,14,DENVER NUGGETS,HOME,CLEVELAND CAVALIERS,WIN,1379,7,11,0,1,0,0,2,3,1,2,0,0,1,13.7
True,2019-01-23,2,-20,DENVER NUGGETS,AWAY,UTAH JAZZ,LOSS,1086,1,8,0,3,0,0,2,3,0,0,0,1,1,-2.3
True,2019-01-25,20,23,DENVER NUGGETS,HOME,PHOENIX SUNS,WIN,1337,6,8,2,2,6,7,2,7,2,3,0,2,2,21.5
True,2019-01-26,4,10,DENVER NUGGETS,HOME,PHILADELPHIA 76ERS,WIN,1030,1,2,0,0,2,2,1,3,1,0,0,0,3,4.1
True,2019-01-28,4,5,DENVER NUGGETS,AWAY,MEMPHIS GRIZZLIES,WIN,1756,0,5,0,1,4,4,0,5,1,1,1,2,4,0.8
True,2019-01-30,13,11,DENVER NUGGETS,AWAY,NEW ORLEANS PELICANS,WIN,2016,5,10,0,1,3,4,4,4,2,0,2,1,3,12.2
True,2019-02-01,10,15,DENVER NUGGETS,HOME,HOUSTON ROCKETS,WIN,1682,4,6,2,3,0,0,0,1,6,1,1,1,2,11.8
True,2019-02-02,0,-2,DENVER NUGGETS,AWAY,MINNESOTA TIMBERWOLVES,WIN,1255,0,2,0,1,0,0,1,2,2,0,0,1,2,-0.5
True,2019-02-11,9,0,DENVER NUGGETS,HOME,MIAMI HEAT,WIN,1206,4,9,1,4,0,0,3,7,1,2,2,2,3,9.4
True,2019-02-13,25,9,DENVER NUGGETS,HOME,SACRAMENTO KINGS,WIN,1854,10,16,1,2,4,5,4,9,2,2,1,0,2,26.2
True,2019-02-22,17,15,DENVER NUGGETS,AWAY,DALLAS MAVERICKS,WIN,1939,6,14,1,3,4,5,5,8,2,3,1,1,4,17.6
True,2019-02-24,21,25,DENVER NUGGETS,HOME,LOS ANGELES CLIPPERS,WIN,1898,8,13,2,5,3,6,5,11,2,3,2,2,1,24.1
True,2019-02-26,12,6,DENVER NUGGETS,HOME,OKLAHOMA CITY THUNDER,WIN,1642,4,7,0,1,4,6,4,6,1,2,1,3,3,11.7
True,2019-02-28,15,-4,DENVER NUGGETS,HOME,UTAH JAZZ,LOSS,1794,6,12,2,4,1,4,1,4,0,1,1,1,4,8.8
True,2019-03-02,16,-11,DENVER NUGGETS,HOME,NEW ORLEANS PELICANS,LOSS,2176,4,8,2,4,6,9,0,7,2,5,2,2,3,17.5
True,2019-03-04,5,0,DENVER NUGGETS,AWAY,SAN ANTONIO SPURS,LOSS,1809,2,8,1,3,0,0,0,11,2,1,0,0,4,4.3
True,2019-03-06,16,27,DENVER NUGGETS,AWAY,LOS ANGELES LAKERS,WIN,2405,7,15,0,3,2,2,7,1,3,0,1,0,4,14.7
True,2019-03-08,9,-7,DENVER NUGGETS,AWAY,GOLDEN STATE WARRIORS,LOSS,939,3,8,1,4,2,2,1,3,1,0,0,2,4,3.3
True,2019-03-12,23,25,DENVER NUGGETS,HOME,MINNESOTA TIMBERWOLVES,WIN,1966,8,12,4,5,3,4,1,4,2,1,1,2,3,19.2
True,2019-03-14,33,3,DENVER NUGGETS,HOME,DALLAS MAVERICKS,WIN,2179,14,19,1,3,4,4,1,7,3,1,0,0,4,29.6
True,2019-03-16,15,1,DENVER NUGGETS,HOME,INDIANA PACERS,WIN,2021,5,11,0,3,5,7,1,12,3,0,1,1,4,13.0
True,2019-03-18,12,5,DENVER NUGGETS,AWAY,BOSTON CELTICS,WIN,1639,4,7,1,3,3,3,4,7,5,0,0,1,4,14.5
True,2019-03-21,15,5,DENVER NUGGETS,AWAY,WASHINGTON WIZARDS,WIN,2117,6,8,2,2,1,2,0,6,2,3,1,3,1,14.9
True,2019-03-22,8,22,DENVER NUGGETS,AWAY,NEW YORK KNICKS,WIN,1894,3,12,0,2,2,2,5,4,4,0,0,0,2,7.5
True,2019-03-24,6,-17,DENVER NUGGETS,AWAY,INDIANA PACERS,LOSS,1628,2,8,1,2,1,2,3,2,1,1,0,1,3,3.0
True,2019-03-26,10,14,DENVER NUGGETS,HOME,DETROIT PISTONS,WIN,2401,2,10,1,3,5,6,2,11,5,1,1,3,2,9.5
True,2019-03-28,8,-9,DENVER NUGGETS,AWAY,HOUSTON ROCKETS,LOSS,1338,4,7,0,1,0,0,0,2,0,2,1,2,2,5.2
True,2019-03-29,14,7,DENVER NUGGETS,AWAY,OKLAHOMA CITY THUNDER,WIN,1613,6,8,2,2,0,0,2,3,2,0,0,2,3,11.3
True,2019-03-31,13,2,DENVER NUGGETS,HOME,WASHINGTON WIZARDS,LOSS,1864,3,13,0,1,7,9,6,9,3,0,0,1,2,11.5
True,2019-04-02,11,-18,DENVER NUGGETS,AWAY,GOLDEN STATE WARRIORS,LOSS,1225,4,12,2,5,1,1,4,4,2,0,1,1,2,8.5
True,2019-04-03,3,15,DENVER NUGGETS,HOME,SAN ANTONIO SPURS,WIN,1267,1,4,0,2,1,2,1,4,3,1,0,0,2,4.4
True,2019-04-05,25,5,DENVER NUGGETS,HOME,PORTLAND TRAIL BLAZERS,WIN,1822,9,12,1,2,6,7,3,4,2,1,0,4,4,19.9
True,2019-04-09,5,-14,DENVER NUGGETS,AWAY,UTAH JAZZ,LOSS,1299,1,7,0,2,3,4,1,3,1,0,1,1,3,0.9
True,2019-04-10,9,17,DENVER NUGGETS,HOME,MINNESOTA TIMBERWOLVES,WIN,1945,3,7,2,3,1,2,1,7,3,0,0,2,2,7.0
