active,date,points_scored,plus_minus,team,location,opponent,outcome,seconds_played,made_field_goals,attempted_field_goals,made_three_point_field_goals,attempted_three_point_field_goals,made_free_throws,attempted_free_throws,offensive_rebounds,defensive_rebounds,assists,steals,blocks,turnovers,personal_fouls,game_score
True,2019-10-23,6,3,PHILADELPHIA 76ERS,HOME,BOSTON CELTICS,WIN,977,2,7,0,3,2,2,1,5,1,0,0,0,2,4.0
True,2019-10-26,17,11,PHILADELPHIA 76ERS,AWAY,DETROIT PISTONS,WIN,1339,5,7,5,6,2,2,1,2,1,0,0,0,2,15.3
True,2019-10-28,0,8,PHILADELPHIA 76ERS,AWAY,ATLANTA HAWKS,WIN,554,0,2,0,2,0,0,0,1,0,0,0,0,2,-1.9
True,2019-10-30,4,8,PHILADELPHIA 76ERS,HOME,MINNESOTA TIMBERWOLVES,WIN,1059,2,3,0,1,0,0,2,3,2,0,0,2,5,2.4
True,2019-11-02,12,6,PHILADELPHIA 76ERS,AWAY,PORTLAND TRAIL BLAZERS,WIN,988,5,9,2,6,0,0,0,0,1,0,0,0,1,8.0
True,2019-11-04,7,2,PHILADELPHIA 76ERS,AWAY,PHOENIX SUNS,LOSS,1096,3,5,1,2,0,0,1,2,0,0,0,1,1,4.6
True,2019-11-06,5,14,PHILADELPHIA 76ERS,AWAY,UTAH JAZZ,LOSS,1100,2,3,1,2,0,0,0,2,0,0,0,1,3,2.1
True,2019-11-08,3,-1,PHILADELPHIA 76ERS,AWAY,DENVER NUGGETS,LOSS,1132,1,5,0,2,1,1,2,2,0,2,0,0,3,2.7
True,2019-11-10,9,-2,PHILADELPHIA 76ERS,HOME,CHARLOTTE HORNETS,WIN,1265,4,9,1,3,0,0,1,4,0,1,0,1,1,5.8
True,2019-11-12,9,-2,PHILADELPHIA 76ERS,HOME,CLEVELAND CAVALIERS,WIN,1136,4,7,1,3,0,0,2,6,0,0,0,0,2,8.1
True,2019-11-13,3,-10,PHILADELPHIA 76ERS,AWAY,ORLANDO MAGIC,LOSS,999,1,3,1,2,0,0,0,3,0,0,0,1,0,1.2
True,2019-11-15,3,-1,PHILADELPHIA 76ERS,AWAY,OKLAHOMA CITY THUNDER,LOSS,1089,1,2,1,2,0,0,0,4,1,0,0,0,1,3.5
True,2019-11-17,4,2,PHILADELPHIA 76ERS,AWAY,CLEVELAND CAVALIERS,WIN,1281,2,5,0,2,0,0,0,5,2,0,0,0,0,4.2
True,2019-11-20,12,10,PHILADELPHIA 76ERS,HOME,NEW YORK KNICKS,WIN,1409,4,8,4,6,0,0,1,3,0,0,1,1,4,7.7
True,2019-11-22,2,-9,PHILADELPHIA 76ERS,HOME,SAN ANTONIO SPURS,WIN,1221,1,4,0,3,0,0,0,2,2,0,0,0,1,1.2
True,2019-11-23,3,4,PHILADELPHIA 76ERS,HOME,MIAMI HEAT,WIN,1163,1,4,1,3,0,0,1,2,0,0,0,0,0,1.9
True,2019-11-25,12,5,PHILADELPHIA 76ERS,AWAY,TORONTO RAPTORS,LOSS,1243,3,5,3,5,3,4,0,2,0,1,0,0,1,10.5
True,2019-11-27,0,-10,PHILADELPHIA 76ERS,HOME,SACRAMENTO KINGS,WIN,1408,0,7,0,6,0,0,1,1,2,1,1,0,0,-0.8
True,2019-11-29,0,3,PHILADELPHIA 76ERS,AWAY,NEW YORK KNICKS,WIN,1316,0,4,0,4,0,0,2,3,1,0,0,0,1,-0.2
True,2019-11-30,4,1,PHILADELPHIA 76ERS,HOME,INDIANA PACERS,WIN,1296,1,3,0,2,2,2,0,1,1,0,0,2,2,0.5
True,2019-12-02,3,0,PHILADELPHIA 76ERS,HOME,UTAH JAZZ,WIN,940,1,4,1,2,0,0,0,2,0,0,0,0,2,0.4
True,2019-12-05,0,-4,PHILADELPHIA 76ERS,AWAY,WASHINGTON WIZARDS,LOSS,1058,0,3,0,2,0,0,1,2,1,1,0,1,1,-0.5
True,2019-12-07,21,26,PHILADELPHIA 76ERS,HOME,CLEVELAND CAVALIERS,WIN,1452,9,12,3,5,0,0,2,4,2,0,0,0,2,19.4
True,2019-12-08,8,12,PHILADELPHIA 76ERS,HOME,TORONTO RAPTORS,WIN,546,2,4,2,4,2,4,0,2,1,1,0,0,1,7.1
True,2019-12-10,8,-4,PHILADELPHIA 76ERS,HOME,DENVER NUGGETS,WIN,853,3,7,2,6,0,0,0,1,0,1,0,0,0,5.6
True,2019-12-12,15,17,PHILADELPHIA 76ERS,AWAY,BOSTON CELTICS,WIN,1732,5,7,5,7,0,0,0,4,0,0,0,0,1,12.9
True,2019-12-13,5,10,PHILADELPHIA 76ERS,HOME,NEW ORLEANS PELICANS,WIN,1380,2,6,1,4,0,0,2,7,0,1,0,0,0,6.1
True,2019-12-15,8,3,PHILADELPHIA 76ERS,AWAY,BROOKLYN NETS,LOSS,1249,3,5,2,4,0,0,1,0,0,0,0,0,1,6.0
True,2019-12-18,3,-21,PHILADELPHIA 76ERS,HOME,MIAMI HEAT,LOSS,659,1,6,1,6,0,0,0,1,0,1,0,1,0,-0.5
True,2019-12-20,7,8,PHILADELPHIA 76ERS,HOME,DALLAS MAVERICKS,LOSS,1043,3,5,1,3,0,0,0,4,3,1,0,0,0,9.0
True,2019-12-21,6,-6,PHILADELPHIA 76ERS,HOME,WASHINGTON WIZARDS,WIN,1043,2,4,2,3,0,0,1,2,0,0,0,0,2,4.5
True,2019-12-23,7,-12,PHILADELPHIA 76ERS,AWAY,DETROIT PISTONS,WIN,1038,3,6,1,4,0,0,1,0,0,0,0,0,1,4.3
True,2019-12-25,3,10,PHILADELPHIA 76ERS,HOME,MILWAUKEE BUCKS,WIN,1044,1,3,1,3,0,0,0,2,0,0,0,1,0,0.9
True,2019-12-27,0,-3,PHILADELPHIA 76ERS,AWAY,ORLANDO MAGIC,LOSS,901,0,2,0,1,0,0,0,2,0,0,0,1,1,-2.2
True,2019-12-28,3,15,PHILADELPHIA 76ERS,AWAY,MIAMI HEAT,LOSS,1208,1,5,1,4,0,0,0,3,1,0,0,0,1,1.1
True,2019-12-31,4,-3,PHILADELPHIA 76ERS,AWAY,INDIANA PACERS,LOSS,923,2,8,0,2,0,0,2,1,0,0,0,1,3,-1.3
True,2020-01-03,0,-7,PHILADELPHIA 76ERS,AWAY,HOUSTON ROCKETS,LOSS,721,0,4,0,4,0,0,0,4,1,0,0,0,2,-1.7
True,2020-01-06,8,6,PHILADELPHIA 76ERS,HOME,OKLAHOMA CITY THUNDER,WIN,1211,2,4,2,3,2,2,1,1,0,1,0,0,1,7.6
True,2020-01-09,7,13,PHILADELPHIA 76ERS,HOME,BOSTON CELTICS,WIN,1531,3,8,1,3,0,0,2,2,1,0,0,0,0,5.3
True,2020-01-11,9,-11,PHILADELPHIA 76ERS,AWAY,DALLAS MAVERICKS,LOSS,1406,3,9,1,5,2,2,2,4,0,1,1,0,1,7.8
True,2020-01-13,5,-3,PHILADELPHIA 76ERS,AWAY,INDIANA PACERS,LOSS,1094,1,6,1,6,2,2,0,4,1,0,0,0,1,2.7
True,2020-01-15,0,1,PHILADELPHIA 76ERS,HOME,BROOKLYN NETS,WIN,683,0,1,0,0,0,0,2,1,0,0,0,0,1,0.6
True,2020-01-17,0,-4,PHILADELPHIA 76ERS,HOME,CHICAGO BULLS,WIN,182,0,3,0,1,0,0,0,1,1,0,0,0,0,-1.1
True,2020-01-18,0,5,PHILADELPHIA 76ERS,AWAY,NEW YORK KNICKS,WIN,824,0,2,0,1,0,0,1,5,2,2,0,1,4,1.6
True,2020-01-20,8,13,PHILADELPHIA 76ERS,AWAY,BROOKLYN NETS,WIN,854,2,4,2,3,2,2,5,3,0,0,0,1,2,8.6
True,2020-01-22,6,-2,PHILADELPHIA 76ERS,AWAY,TORONTO RAPTORS,LOSS,898,2,7,2,5,0,0,1,2,0,1,0,0,1,3.8
True,2020-01-25,2,11,PHILADELPHIA 76ERS,HOME,LOS ANGELES LAKERS,WIN,584,1,3,0,2,0,0,1,3,0,0,0,1,2,0.1
True,2020-01-28,0,0,PHILADELPHIA 76ERS,HOME,GOLDEN STATE WARRIORS,WIN,674,0,2,0,1,0,0,0,2,1,0,0,0,0,-0.1
True,2020-01-30,11,-8,PHILADELPHIA 76ERS,AWAY,ATLANTA HAWKS,LOSS,1145,5,9,1,5,0,0,1,3,0,0,1,0,0,9.0
True,2020-02-01,6,0,PHILADELPHIA 76ERS,AWAY,BOSTON CELTICS,LOSS,1040,2,6,0,2,2,2,0,5,1,0,0,1,1,3.4
True,2020-02-03,17,-25,PHILADELPHIA 76ERS,AWAY,MIAMI HEAT,LOSS,1101,5,7,5,7,2,2,1,2,0,0,0,1,1,14.0
True,2020-02-06,3,0,PHILADELPHIA 76ERS,AWAY,MILWAUKEE BUCKS,LOSS,593,1,3,1,2,0,0,1,2,0,0,0,0,0,2.6
True,2020-02-07,3,1,PHILADELPHIA 76ERS,HOME,MEMPHIS GRIZZLIES,WIN,758,1,2,1,1,0,0,0,5,0,1,0,1,1,3.1
True,2020-02-09,2,12,PHILADELPHIA 76ERS,HOME,CHICAGO BULLS,WIN,1063,1,4,0,2,0,0,1,3,1,0,0,0,0,1.9
True,2020-02-11,0,-7,PHILADELPHIA 76ERS,HOME,LOS ANGELES CLIPPERS,WIN,309,0,2,0,1,0,0,0,0,0,0,0,0,0,-1.4
True,2020-02-22,3,-7,PHILADELPHIA 76ERS,AWAY,MILWAUKEE BUCKS,LOSS,702,1,3,1,3,0,0,0,1,1,0,0,0,2,1.5
True,2020-02-26,0,3,PHILADELPHIA 76ERS,AWAY,CLEVELAND CAVALIERS,LOSS,527,0,0,0,0,0,0,0,1,0,0,0,0,0,0.3
True,2020-02-27,5,17,PHILADELPHIA 76ERS,HOME,NEW YORK KNICKS,WIN,700,2,5,1,3,0,0,1,0,1,0,0,1,1,2.3
True,2020-03-01,11,0,PHILADELPHIA 76ERS,AWAY,LOS ANGELES CLIPPERS,LOSS,1573,4,6,3,4,0,0,2,4,3,2,1,0,5,13.8
True,2020-03-03,12,-9,PHILADELPHIA 76ERS,AWAY,LOS ANGELES LAKERS,LOSS,2185,4,8,4,7,0,0,1,7,2,0,0,1,4,9.6
True,2020-03-05,11,11,PHILADELPHIA 76ERS,AWAY,SACRAMENTO KINGS,WIN,1502,5,10,1,3,0,0,3,4,4,0,0,1,1,10.7
True,2020-03-07,9,-7,PHILADELPHIA 76ERS,AWAY,GOLDEN STATE WARRIORS,LOSS,2021,3,8,2,4,1,2,4,6,3,0,0,1,4,8.3
True,2020-03-11,4,14,PHILADELPHIA 76ERS,HOME,DETROIT PISTONS,WIN,1113,2,4,0,1,0,1,3,2,3,0,0,0,2,5.6
True,2020-08-07,2,1,PHILADELPHIA 76ERS,HOME,ORLANDO MAGIC,WIN,514,1,3,0,2,0,0,0,3,0,1,0,1,1,0.8
True,2020-08-09,9,5,PHILADELPHIA 76ERS,AWAY,PORTLAND TRAIL BLAZERS,LOSS,958,4,7,1,2,0,0,2,2,2,0,0,0,4,7.5
True,2020-08-11,17,3,PHILADELPHIA 76ERS,HOME,PHOENIX SUNS,LOSS,1327,7,12,3,4,0,0,2,2,1,1,0,1,1,13.7
True,2020-08-12,12,-11,PHILADELPHIA 76ERS,HOME,TORONTO RAPTORS,LOSS,1293,4,5,2,3,2,3,2,3,2,0,0,0,5,11.4
True,2020-08-14,10,37,PHILADELPHIA 76ERS,AWAY,HOUSTON ROCKETS,WIN,1192,3,4,1,2,3,4,1,6,3,0,0,0,0,12.6
