active,date,points_scored,plus_minus,team,location,opponent,outcome,seconds_played,made_field_goals,attempted_field_goals,made_three_point_field_goals,attempted_three_point_field_goals,made_free_throws,attempted_free_throws,offensive_rebounds,defensive_rebounds,assists,steals,blocks,turnovers,personal_fouls,game_score
True,2019-10-25,0,0,LOS ANGELES LAKERS,HOME,UTAH JAZZ,WIN,28,0,0,0,0,0,0,0,0,0,0,0,0,0,0.0
True,2019-10-27,0,2,LOS ANGELES LAKERS,HOME,CHARLOTTE HORNETS,WIN,140,0,0,0,0,0,0,0,1,0,0,0,0,0,0.3
True,2020-01-10,0,-4,LOS ANGELES LAKERS,AWAY,DALLAS MAVERICKS,WIN,138,0,0,0,0,0,0,0,0,1,0,0,0,0,0.7
True,2020-08-05,0,-5,LOS ANGELES LAKERS,HOME,OKLAHOMA CITY THUNDER,LOSS,216,0,0,0,0,0,0,0,0,0,0,0,0,1,-0.4
True,2020-08-13,7,14,LOS ANGELES LAKERS,HOME,SACRAMENTO KINGS,LOSS,684,3,3,0,0,1,2,2,0,1,0,0,1,1,6.4
