active,date,points_scored,plus_minus,team,location,opponent,outcome,seconds_played,made_field_goals,attempted_field_goals,made_three_point_field_goals,attempted_three_point_field_goals,made_free_throws,attempted_free_throws,offensive_rebounds,defensive_rebounds,assists,steals,blocks,turnovers,personal_fouls,game_score
True,2019-10-23,3,-1,PHOENIX SUNS,HOME,SACRAMENTO KINGS,WIN,119,1,1,1,1,0,0,0,0,0,0,0,0,0,2.7
True,2019-10-26,4,-6,PHOENIX SUNS,HOME,LOS ANGELES CLIPPERS,WIN,318,2,3,0,1,0,0,0,2,1,0,0,0,1,3.6
True,2019-10-30,0,-7,PHOENIX SUNS,AWAY,GOLDEN STATE WARRIORS,WIN,128,0,1,0,0,0,0,0,0,1,0,0,0,0,0.0
True,2019-11-07,0,-2,PHOENIX SUNS,HOME,MIAMI HEAT,LOSS,117,0,0,0,0,0,2,0,0,0,0,0,0,0,-0.8
True,2019-11-10,4,-1,PHOENIX SUNS,HOME,BROOKLYN NETS,WIN,322,1,2,0,1,2,2,0,0,2,1,0,0,0,5.4
True,2019-11-14,0,0,PHOENIX SUNS,HOME,ATLANTA HAWKS,WIN,169,0,0,0,0,0,0,0,0,2,0,0,0,0,1.4
True,2019-11-18,0,1,PHOENIX SUNS,HOME,BOSTON CELTICS,LOSS,488,0,3,0,2,0,0,0,0,4,0,0,1,2,-1.1
True,2019-11-19,4,18,PHOENIX SUNS,AWAY,SACRAMENTO KINGS,LOSS,1099,0,3,0,2,4,6,0,2,5,0,0,1,1,3.8
True,2019-11-21,11,16,PHOENIX SUNS,HOME,NEW ORLEANS PELICANS,LOSS,1220,4,8,2,3,1,3,0,0,7,1,0,1,1,10.7
True,2019-11-23,4,20,PHOENIX SUNS,AWAY,MINNESOTA TIMBERWOLVES,WIN,1304,1,7,1,3,1,2,1,5,0,0,0,0,0,1.3
True,2019-11-24,16,-2,PHOENIX SUNS,AWAY,DENVER NUGGETS,LOSS,1705,6,11,3,4,1,2,0,2,4,1,0,0,1,14.3
True,2019-11-27,13,2,PHOENIX SUNS,HOME,WASHINGTON WIZARDS,LOSS,1247,5,9,3,5,0,0,1,0,8,1,0,1,2,14.2
True,2019-11-29,0,-2,PHOENIX SUNS,HOME,DALLAS MAVERICKS,LOSS,381,0,2,0,2,0,0,0,2,2,0,0,0,0,0.6
True,2019-12-04,4,8,PHOENIX SUNS,AWAY,ORLANDO MAGIC,LOSS,288,1,2,0,1,2,2,0,0,2,0,0,0,0,4.4
True,2019-12-05,0,-3,PHOENIX SUNS,AWAY,NEW ORLEANS PELICANS,WIN,118,0,0,0,0,0,0,0,0,0,0,0,0,0,0.0
True,2019-12-09,0,-2,PHOENIX SUNS,HOME,MINNESOTA TIMBERWOLVES,WIN,69,0,0,0,0,0,2,0,0,0,0,0,0,0,-0.8
True,2019-12-14,7,-10,PHOENIX SUNS,HOME,SAN ANTONIO SPURS,LOSS,941,2,6,0,1,3,4,0,1,1,0,0,0,2,3.4
True,2019-12-16,6,7,PHOENIX SUNS,HOME,PORTLAND TRAIL BLAZERS,LOSS,865,1,5,0,1,4,4,0,3,2,0,0,1,1,3.8
True,2019-12-17,10,-12,PHOENIX SUNS,AWAY,LOS ANGELES CLIPPERS,LOSS,1425,4,8,0,2,2,3,1,1,4,2,0,3,3,7.2
True,2019-12-20,11,-4,PHOENIX SUNS,AWAY,OKLAHOMA CITY THUNDER,LOSS,920,5,7,1,1,0,0,1,0,0,3,2,1,4,10.6
True,2019-12-21,17,6,PHOENIX SUNS,HOME,HOUSTON ROCKETS,LOSS,1793,6,10,1,3,4,7,0,4,3,1,0,0,2,14.7
True,2019-12-23,0,-9,PHOENIX SUNS,HOME,DENVER NUGGETS,LOSS,152,0,0,0,0,0,0,0,0,0,0,0,0,0,0.0
True,2019-12-28,6,6,PHOENIX SUNS,AWAY,SACRAMENTO KINGS,WIN,714,1,4,1,2,3,3,0,1,3,1,0,0,0,7.0
True,2019-12-30,0,-10,PHOENIX SUNS,AWAY,PORTLAND TRAIL BLAZERS,WIN,293,0,0,0,0,0,0,0,0,2,0,1,0,0,2.1
True,2020-01-01,5,10,PHOENIX SUNS,AWAY,LOS ANGELES LAKERS,LOSS,647,2,3,1,1,0,1,0,0,2,0,0,1,1,3.3
True,2020-01-03,2,-3,PHOENIX SUNS,HOME,NEW YORK KNICKS,WIN,752,0,2,0,1,2,2,1,2,3,1,0,1,0,4.0
True,2020-01-05,5,1,PHOENIX SUNS,HOME,MEMPHIS GRIZZLIES,LOSS,664,2,3,1,1,0,0,0,1,1,0,0,0,0,4.7
True,2020-01-07,6,8,PHOENIX SUNS,HOME,SACRAMENTO KINGS,LOSS,770,2,4,2,3,0,0,1,0,1,0,0,2,1,3.0
True,2020-01-10,0,-2,PHOENIX SUNS,HOME,ORLANDO MAGIC,WIN,803,0,3,0,1,0,0,0,3,2,1,0,0,2,0.4
True,2020-01-12,8,-3,PHOENIX SUNS,HOME,CHARLOTTE HORNETS,WIN,822,3,4,0,1,2,2,0,2,1,0,0,0,2,6.9
True,2020-01-14,0,-16,PHOENIX SUNS,AWAY,ATLANTA HAWKS,LOSS,1318,0,4,0,1,0,0,1,2,3,0,0,0,1,0.2
True,2020-01-16,3,0,PHOENIX SUNS,AWAY,NEW YORK KNICKS,WIN,834,1,4,1,2,0,0,1,0,1,2,0,0,2,3.2
True,2020-01-18,0,5,PHOENIX SUNS,AWAY,BOSTON CELTICS,WIN,733,0,2,0,2,0,2,1,2,1,0,0,0,1,-0.6
True,2020-01-20,3,5,PHOENIX SUNS,HOME,SAN ANTONIO SPURS,LOSS,741,0,1,0,0,3,4,1,2,4,0,0,1,1,4.6
True,2020-01-22,11,-8,PHOENIX SUNS,HOME,INDIANA PACERS,LOSS,1595,2,9,1,4,6,6,2,3,3,1,1,1,1,10.2
True,2020-01-24,0,3,PHOENIX SUNS,AWAY,SAN ANTONIO SPURS,WIN,1178,0,2,0,2,0,0,0,4,1,0,0,0,0,0.5
True,2020-01-26,0,-8,PHOENIX SUNS,AWAY,MEMPHIS GRIZZLIES,LOSS,393,0,0,0,0,0,0,0,1,0,1,0,2,1,-1.1
True,2020-01-28,0,-8,PHOENIX SUNS,AWAY,DALLAS MAVERICKS,WIN,284,0,0,0,0,0,0,1,0,1,0,0,0,1,1.0
True,2020-02-02,2,-20,PHOENIX SUNS,AWAY,MILWAUKEE BUCKS,LOSS,1573,1,4,0,1,0,0,0,1,4,1,0,2,4,0.1
True,2020-02-03,5,-7,PHOENIX SUNS,AWAY,BROOKLYN NETS,LOSS,1656,2,2,1,1,0,0,0,4,5,0,0,2,2,6.3
True,2020-02-05,3,-6,PHOENIX SUNS,AWAY,DETROIT PISTONS,LOSS,799,1,2,1,1,0,0,0,2,1,0,0,0,2,2.5
True,2020-02-07,3,24,PHOENIX SUNS,HOME,HOUSTON ROCKETS,WIN,1587,1,2,1,1,0,0,1,3,6,3,0,4,1,6.4
True,2020-02-08,2,1,PHOENIX SUNS,HOME,DENVER NUGGETS,LOSS,846,1,2,0,1,0,0,0,0,2,1,0,1,1,2.0
True,2020-02-10,0,-11,PHOENIX SUNS,AWAY,LOS ANGELES LAKERS,LOSS,980,0,3,0,1,0,0,0,2,0,0,0,1,0,-2.5
True,2020-02-12,12,12,PHOENIX SUNS,HOME,GOLDEN STATE WARRIORS,WIN,1320,5,9,1,4,1,2,0,2,3,0,0,2,1,7.6
True,2020-02-21,0,-11,PHOENIX SUNS,AWAY,TORONTO RAPTORS,LOSS,396,0,2,0,1,0,0,0,0,0,0,0,1,0,-2.4
True,2020-02-22,0,0,PHOENIX SUNS,AWAY,CHICAGO BULLS,WIN,376,0,0,0,0,0,0,0,0,3,0,0,0,0,2.1
True,2020-02-24,0,-14,PHOENIX SUNS,AWAY,UTAH JAZZ,WIN,677,0,2,0,0,0,0,0,3,0,0,0,3,0,-3.5
True,2020-02-26,2,-4,PHOENIX SUNS,HOME,LOS ANGELES CLIPPERS,LOSS,707,1,3,0,1,0,0,0,0,3,0,0,1,0,1.4
True,2020-02-28,6,-9,PHOENIX SUNS,HOME,DETROIT PISTONS,LOSS,880,3,3,0,0,0,0,0,2,0,0,0,2,1,3.3
True,2020-02-29,14,-7,PHOENIX SUNS,HOME,GOLDEN STATE WARRIORS,LOSS,1229,4,8,1,1,5,6,1,6,5,0,0,1,2,13.8
True,2020-03-03,3,7,PHOENIX SUNS,HOME,TORONTO RAPTORS,LOSS,842,1,3,1,2,0,0,0,2,1,2,0,0,1,4.2
True,2020-03-06,0,-18,PHOENIX SUNS,HOME,PORTLAND TRAIL BLAZERS,WIN,711,0,3,0,2,0,0,1,0,3,0,0,1,4,-1.9
True,2020-03-10,0,0,PHOENIX SUNS,AWAY,PORTLAND TRAIL BLAZERS,LOSS,94,0,0,0,0,0,0,0,0,0,0,0,0,0,0.0
True,2020-08-13,4,1,PHOENIX SUNS,HOME,DALLAS MAVERICKS,WIN,720,0,0,0,0,4,4,0,2,2,0,0,0,1,5.6
