active,date,points_scored,plus_minus,team,location,opponent,outcome,seconds_played,made_field_goals,attempted_field_goals,made_three_point_field_goals,attempted_three_point_field_goals,made_free_throws,attempted_free_throws,offensive_rebounds,defensive_rebounds,assists,steals,blocks,turnovers,personal_fouls,game_score
True,2020-12-22,20,-23,GOLDEN STATE WARRIORS,AWAY,BROOKLYN NETS,LOSS,1819,7,21,2,10,4,4,3,1,10,2,0,3,1,16.1
True,2020-12-25,19,-24,GOLDEN STATE WARRIORS,AWAY,MILWAUKEE BUCKS,LOSS,1738,6,17,2,10,5,5,0,4,6,1,0,2,2,13.1
True,2020-12-27,36,3,GOLDEN STATE WARRIORS,AWAY,CHICAGO BULLS,WIN,2186,11,25,5,15,9,9,0,2,6,2,2,4,1,26.7
True,2020-12-29,31,3,GOLDEN STATE WARRIORS,AWAY,DETROIT PISTONS,WIN,2090,9,17,5,9,8,8,0,5,6,2,0,8,5,20.4
True,2021-01-01,26,-27,GOLDEN STATE WARRIORS,HOME,PORTLAND TRAIL BLAZERS,LOSS,2018,9,20,4,12,4,4,0,8,5,0,0,1,1,20.1
True,2021-01-03,62,20,GOLDEN STATE WARRIORS,HOME,PORTLAND TRAIL BLAZERS,WIN,2187,18,31,8,16,18,19,1,4,4,0,0,5,0,46.8
True,2021-01-04,30,26,GOLDEN STATE WARRIORS,HOME,SACRAMENTO KINGS,WIN,1834,9,18,5,12,7,7,0,9,8,0,0,2,3,26.1
True,2021-01-06,13,-10,GOLDEN STATE WARRIORS,HOME,LOS ANGELES CLIPPERS,LOSS,2099,5,17,1,6,2,4,1,3,5,1,0,0,3,7.2
True,2021-01-08,38,13,GOLDEN STATE WARRIORS,HOME,LOS ANGELES CLIPPERS,WIN,2175,13,24,9,14,3,3,0,2,11,3,0,2,3,34.5
True,2021-01-10,11,7,GOLDEN STATE WARRIORS,HOME,TORONTO RAPTORS,WIN,2292,2,16,1,10,6,6,3,6,6,0,0,5,3,2.5
True,2021-01-12,20,-2,GOLDEN STATE WARRIORS,HOME,INDIANA PACERS,LOSS,2153,7,17,3,8,3,5,1,3,3,2,0,2,3,12.6
True,2021-01-14,35,-21,GOLDEN STATE WARRIORS,AWAY,DENVER NUGGETS,LOSS,2218,14,23,5,11,2,2,0,11,4,2,0,7,2,24.8
True,2021-01-18,26,-3,GOLDEN STATE WARRIORS,AWAY,LOS ANGELES LAKERS,WIN,2137,8,22,3,12,7,7,0,1,7,1,0,4,2,15.2
True,2021-01-20,26,30,GOLDEN STATE WARRIORS,HOME,SAN ANTONIO SPURS,WIN,1888,10,17,4,8,2,2,1,10,7,1,0,4,2,22.9
True,2021-01-21,30,-16,GOLDEN STATE WARRIORS,HOME,NEW YORK KNICKS,LOSS,2079,9,19,5,14,7,8,0,3,4,2,0,4,3,20.4
True,2021-01-23,24,-24,GOLDEN STATE WARRIORS,AWAY,UTAH JAZZ,LOSS,1626,9,18,5,10,1,2,0,7,7,0,0,1,2,19.8
True,2021-01-25,36,19,GOLDEN STATE WARRIORS,HOME,MINNESOTA TIMBERWOLVES,WIN,2033,11,21,7,12,7,8,1,3,3,3,0,3,2,28.2
True,2021-01-27,16,28,GOLDEN STATE WARRIORS,HOME,MINNESOTA TIMBERWOLVES,WIN,1993,6,17,4,11,0,0,0,6,8,0,0,2,2,11.1
True,2021-01-28,27,-23,GOLDEN STATE WARRIORS,AWAY,PHOENIX SUNS,LOSS,1874,10,20,5,10,2,2,1,3,4,0,0,4,2,16.6
True,2021-01-30,28,26,GOLDEN STATE WARRIORS,HOME,DETROIT PISTONS,WIN,1797,11,17,6,8,0,0,0,5,7,2,0,6,1,22.5
True,2021-02-02,38,4,GOLDEN STATE WARRIORS,HOME,BOSTON CELTICS,LOSS,2289,12,21,7,14,7,7,0,11,8,3,0,3,0,37.0
True,2021-02-04,28,19,GOLDEN STATE WARRIORS,AWAY,DALLAS MAVERICKS,WIN,1796,9,17,4,10,6,6,0,3,6,0,0,2,2,22.0
True,2021-02-06,57,7,GOLDEN STATE WARRIORS,AWAY,DALLAS MAVERICKS,LOSS,2224,19,31,11,19,8,8,0,2,5,1,0,3,3,43.8
True,2021-02-08,32,3,GOLDEN STATE WARRIORS,AWAY,SAN ANTONIO SPURS,LOSS,2137,10,17,6,11,6,6,0,7,6,1,0,1,1,30.0
True,2021-02-09,32,15,GOLDEN STATE WARRIORS,AWAY,SAN ANTONIO SPURS,WIN,1916,11,20,4,10,6,8,0,4,2,0,0,1,1,22.8
True,2021-02-11,40,16,GOLDEN STATE WARRIORS,HOME,ORLANDO MAGIC,WIN,2243,14,26,10,19,2,2,0,8,5,4,0,6,1,30.9
True,2021-02-13,27,-26,GOLDEN STATE WARRIORS,HOME,BROOKLYN NETS,LOSS,2018,10,17,2,9,5,5,0,3,5,0,0,4,2,18.7
True,2021-02-15,36,20,GOLDEN STATE WARRIORS,HOME,CLEVELAND CAVALIERS,WIN,1787,13,19,7,11,3,3,0,2,6,0,0,1,0,31.7
True,2021-02-17,25,8,GOLDEN STATE WARRIORS,HOME,MIAMI HEAT,WIN,2541,8,25,5,20,4,4,1,6,11,2,0,3,1,19.5
True,2021-02-19,29,-7,GOLDEN STATE WARRIORS,AWAY,ORLANDO MAGIC,LOSS,2228,11,29,6,16,1,1,2,5,11,0,0,1,3,21.5
True,2021-02-23,37,19,GOLDEN STATE WARRIORS,AWAY,NEW YORK KNICKS,WIN,2202,9,22,7,14,12,12,0,6,6,2,0,2,1,30.8
True,2021-02-24,24,7,GOLDEN STATE WARRIORS,AWAY,INDIANA PACERS,WIN,2156,7,21,1,11,9,10,1,7,8,2,0,4,2,17.3
True,2021-02-26,29,23,GOLDEN STATE WARRIORS,HOME,CHARLOTTE HORNETS,WIN,2153,8,15,3,8,10,10,0,4,9,1,0,4,1,25.8
True,2021-02-28,16,-24,GOLDEN STATE WARRIORS,AWAY,LOS ANGELES LAKERS,LOSS,1554,5,13,2,7,4,5,0,4,7,3,0,3,2,13.8
True,2021-03-03,35,-6,GOLDEN STATE WARRIORS,AWAY,PORTLAND TRAIL BLAZERS,LOSS,2177,13,28,5,14,4,5,1,6,5,3,0,4,1,24.8
True,2021-03-11,14,-19,GOLDEN STATE WARRIORS,AWAY,LOS ANGELES CLIPPERS,LOSS,1600,6,16,1,8,1,2,0,4,3,2,1,2,1,8.4
True,2021-03-14,32,19,GOLDEN STATE WARRIORS,HOME,UTAH JAZZ,WIN,2138,10,20,6,9,6,7,1,4,9,1,0,3,3,26.6
True,2021-03-15,27,-12,GOLDEN STATE WARRIORS,HOME,LOS ANGELES LAKERS,LOSS,1753,9,17,4,7,5,5,0,3,2,3,0,2,1,21.6
True,2021-03-17,18,10,GOLDEN STATE WARRIORS,AWAY,HOUSTON ROCKETS,WIN,1805,7,18,2,11,2,2,0,5,8,1,0,2,3,13.1
True,2021-03-29,32,16,GOLDEN STATE WARRIORS,HOME,CHICAGO BULLS,WIN,1817,11,24,6,14,4,5,1,4,6,1,0,1,0,25.3
True,2021-04-01,36,2,GOLDEN STATE WARRIORS,AWAY,MIAMI HEAT,LOSS,2181,9,19,5,11,13,13,2,9,3,0,0,3,2,28.7
True,2021-04-04,37,8,GOLDEN STATE WARRIORS,AWAY,ATLANTA HAWKS,LOSS,2204,12,23,3,12,10,12,1,4,2,2,1,8,0,22.9
True,2021-04-06,41,3,GOLDEN STATE WARRIORS,HOME,MILWAUKEE BUCKS,WIN,2267,14,21,5,10,8,9,2,4,4,0,0,4,2,32.1
True,2021-04-09,32,-16,GOLDEN STATE WARRIORS,HOME,WASHINGTON WIZARDS,LOSS,2092,11,25,5,12,5,6,0,6,5,3,0,2,0,24.8
True,2021-04-10,38,7,GOLDEN STATE WARRIORS,HOME,HOUSTON ROCKETS,WIN,2096,13,21,8,15,4,4,0,8,5,1,0,5,3,29.2
True,2021-04-12,53,16,GOLDEN STATE WARRIORS,HOME,DENVER NUGGETS,WIN,2142,14,24,10,18,15,16,0,6,4,0,0,5,3,39.8
True,2021-04-14,42,31,GOLDEN STATE WARRIORS,AWAY,OKLAHOMA CITY THUNDER,WIN,1763,14,20,11,16,3,3,0,6,8,0,0,0,3,39.8
True,2021-04-15,33,5,GOLDEN STATE WARRIORS,AWAY,CLEVELAND CAVALIERS,WIN,2075,12,25,4,13,5,5,0,4,5,0,2,4,3,21.2
True,2021-04-17,47,-7,GOLDEN STATE WARRIORS,AWAY,BOSTON CELTICS,LOSS,2229,15,27,11,19,6,8,0,7,3,0,0,5,2,31.7
True,2021-04-19,49,11,GOLDEN STATE WARRIORS,AWAY,PHILADELPHIA 76ERS,WIN,2215,14,28,10,17,11,12,0,3,5,0,0,6,2,32.2
True,2021-04-21,18,-23,GOLDEN STATE WARRIORS,AWAY,WASHINGTON WIZARDS,LOSS,2163,7,25,2,14,2,2,0,7,8,1,0,6,2,5.2
True,2021-04-23,32,27,GOLDEN STATE WARRIORS,HOME,DENVER NUGGETS,WIN,2024,11,18,4,9,6,6,0,8,3,0,0,3,3,24.1
True,2021-04-25,37,7,GOLDEN STATE WARRIORS,HOME,SACRAMENTO KINGS,WIN,2266,11,21,7,14,8,11,0,7,4,1,1,7,1,24.7
True,2021-04-27,27,-27,GOLDEN STATE WARRIORS,HOME,DALLAS MAVERICKS,LOSS,1790,9,18,5,9,4,4,0,1,2,2,0,2,1,19.3
True,2021-04-29,37,-10,GOLDEN STATE WARRIORS,AWAY,MINNESOTA TIMBERWOLVES,LOSS,2211,11,27,6,17,9,9,1,5,8,2,0,3,4,27.7
True,2021-05-01,30,25,GOLDEN STATE WARRIORS,AWAY,HOUSTON ROCKETS,WIN,1822,9,23,7,17,5,7,0,5,5,1,0,4,0,18.7
True,2021-05-03,41,19,GOLDEN STATE WARRIORS,AWAY,NEW ORLEANS PELICANS,WIN,2117,14,26,8,18,5,6,0,4,8,1,0,4,5,29.8
True,2021-05-04,37,-9,GOLDEN STATE WARRIORS,AWAY,NEW ORLEANS PELICANS,LOSS,2226,13,31,8,20,3,3,2,7,2,3,0,4,2,23.6
True,2021-05-06,34,24,GOLDEN STATE WARRIORS,HOME,OKLAHOMA CITY THUNDER,WIN,1881,11,21,6,13,6,7,0,4,7,1,0,3,2,26.6
True,2021-05-08,49,31,GOLDEN STATE WARRIORS,HOME,OKLAHOMA CITY THUNDER,WIN,1760,14,26,11,21,10,10,0,5,2,1,0,1,2,38.5
True,2021-05-10,36,4,GOLDEN STATE WARRIORS,HOME,UTAH JAZZ,WIN,2215,11,25,3,13,11,12,1,3,6,2,0,3,1,26.9
True,2021-05-11,21,6,GOLDEN STATE WARRIORS,HOME,PHOENIX SUNS,WIN,2191,7,22,1,11,6,6,0,3,6,1,0,3,2,10.7
True,2021-05-16,46,14,GOLDEN STATE WARRIORS,HOME,MEMPHIS GRIZZLIES,WIN,2397,16,36,9,22,5,6,1,6,9,1,1,7,2,29.5
